2020-09-17 10:01:42;service-dd56521f-7f5b-11eb-a1dc-d8cb8af1e959;group1;eu;0.8881867092225755
2020-09-17 10:01:42;service-dd565220-7f5b-11eb-b6c4-d8cb8af1e959;group1;eu;0.1426823478729215
2020-09-17 10:01:42;service-dd565222-7f5b-11eb-8845-d8cb8af1e959;group1;eu;1.5286333045638043
2020-09-17 10:01:42;service-dd565223-7f5b-11eb-be29-d8cb8af1e959;group1;eu;0.6252748395041404
2020-09-17 10:01:42;service-dd565224-7f5b-11eb-87c1-d8cb8af1e959;group1;eu;1.117755638484102
2020-09-17 10:01:42;service-dd567913-7f5b-11eb-a90f-d8cb8af1e959;group1;eu;0.9951428527563371
2020-09-17 10:01:42;service-dd565221-7f5b-11eb-9319-d8cb8af1e959;group1;eu;1.2017232373236244
2020-09-17 10:01:42;service-dd567915-7f5b-11eb-b17a-d8cb8af1e959;group1;eu;0.5047468209926609
2020-09-17 10:01:42;service-dd567912-7f5b-11eb-96e9-d8cb8af1e959;group1;eu;0.6729666112814504
2020-09-17 10:01:42;service-dd567914-7f5b-11eb-a440-d8cb8af1e959;group1;eu;0.5093178576901051
2020-09-17 10:02:12;service-dd56521f-7f5b-11eb-a1dc-d8cb8af1e959;group1;eu;0.715455576689824
2020-09-17 10:02:12;service-dd565220-7f5b-11eb-b6c4-d8cb8af1e959;group1;eu;0.13677877015979423
2020-09-17 10:02:12;service-dd565222-7f5b-11eb-8845-d8cb8af1e959;group1;eu;1.4922605973894467
2020-09-17 10:02:12;service-dd565223-7f5b-11eb-be29-d8cb8af1e959;group1;eu;0.4201563558724513
2020-09-17 10:02:12;service-dd565224-7f5b-11eb-87c1-d8cb8af1e959;group1;eu;1.016075470192117
2020-09-17 10:02:12;service-dd567913-7f5b-11eb-a90f-d8cb8af1e959;group1;eu;0.8695069953742635
2020-09-17 10:02:12;service-dd565221-7f5b-11eb-9319-d8cb8af1e959;group1;eu;1.124708186795945
2020-09-17 10:02:12;service-dd567915-7f5b-11eb-b17a-d8cb8af1e959;group1;eu;0.13106130466446655
2020-09-17 10:02:12;service-dd567912-7f5b-11eb-96e9-d8cb8af1e959;group1;eu;0.36063787781817747
2020-09-17 10:02:12;service-dd567914-7f5b-11eb-a440-d8cb8af1e959;group1;eu;0.12160558660775869
2020-09-17 10:02:42;service-dd56521f-7f5b-11eb-a1dc-d8cb8af1e959;group1;eu;0.5220210047467759
2020-09-17 10:02:42;service-dd565220-7f5b-11eb-b6c4-d8cb8af1e959;group1;eu;0.23302634558421936
2020-09-17 10:02:42;service-dd565222-7f5b-11eb-8845-d8cb8af1e959;group1;eu;1.3534209496158183
2020-09-17 10:02:42;service-dd565223-7f5b-11eb-be29-d8cb8af1e959;group1;eu;0.24331649904331534
2020-09-17 10:02:42;service-dd565224-7f5b-11eb-87c1-d8cb8af1e959;group1;eu;0.8511492387790951
2020-09-17 10:02:42;service-dd567913-7f5b-11eb-a90f-d8cb8af1e959;group1;eu;0.691081736158428
2020-09-17 10:02:42;service-dd565221-7f5b-11eb-9319-d8cb8af1e959;group1;eu;0.9686292745830755
2020-09-17 10:02:42;service-dd567915-7f5b-11eb-b17a-d8cb8af1e959;group1;eu;0.025090353269785346
2020-09-17 10:02:42;service-dd567912-7f5b-11eb-96e9-d8cb8af1e959;group1;eu;0.07687956601216563
2020-09-17 10:02:42;service-dd567914-7f5b-11eb-a440-d8cb8af1e959;group1;eu;0.11272164632006104
2020-09-17 10:03:12;service-dd56521f-7f5b-11eb-a1dc-d8cb8af1e959;group1;eu;0.25092437584802113
2020-09-17 10:03:12;service-dd565220-7f5b-11eb-b6c4-d8cb8af1e959;group1;eu;0.29913796088568556
2020-09-17 10:03:12;service-dd565222-7f5b-11eb-8845-d8cb8af1e959;group1;eu;1.1642943798518668
2020-09-17 10:03:12;service-dd565223-7f5b-11eb-be29-d8cb8af1e959;group1;eu;0.028908332463165487
2020-09-17 10:03:12;service-dd565224-7f5b-11eb-87c1-d8cb8af1e959;group1;eu;0.6442795560526786
2020-09-17 10:03:12;service-dd567913-7f5b-11eb-a90f-d8cb8af1e959;group1;eu;0.43588733465617185
2020-09-17 10:03:12;service-dd565221-7f5b-11eb-9319-d8cb8af1e959;group1;eu;0.7444375405305297
2020-09-17 10:03:12;service-dd567915-7f5b-11eb-b17a-d8cb8af1e959;group1;eu;0.18519560851221642
2020-09-17 10:03:12;service-dd567912-7f5b-11eb-96e9-d8cb8af1e959;group1;eu;0.10989246766774456
2020-09-17 10:03:12;service-dd567914-7f5b-11eb-a440-d8cb8af1e959;group1;eu;0.23940278749198007
2020-09-17 10:03:42;service-dd56521f-7f5b-11eb-a1dc-d8cb8af1e959;group1;eu;0.05131024065603214
2020-09-17 10:03:42;service-dd565220-7f5b-11eb-b6c4-d8cb8af1e959;group1;eu;0.2887704849598019
2020-09-17 10:03:42;service-dd565222-7f5b-11eb-8845-d8cb8af1e959;group1;eu;0.9197199276823856
2020-09-17 10:03:42;service-dd565223-7f5b-11eb-be29-d8cb8af1e959;group1;eu;0.11829395968274717
2020-09-17 10:03:42;service-dd565224-7f5b-11eb-87c1-d8cb8af1e959;group1;eu;0.38380069810330036
2020-09-17 10:03:42;service-dd567913-7f5b-11eb-a90f-d8cb8af1e959;group1;eu;0.21842442760510514
2020-09-17 10:03:42;service-dd565221-7f5b-11eb-9319-d8cb8af1e959;group1;eu;0.45859039396631757
2020-09-17 10:03:42;service-dd567915-7f5b-11eb-b17a-d8cb8af1e959;group1;eu;0.2684114367098548
2020-09-17 10:03:42;service-dd567912-7f5b-11eb-96e9-d8cb8af1e959;group1;eu;0.19809322173899757
2020-09-17 10:03:42;service-dd567914-7f5b-11eb-a440-d8cb8af1e959;group1;eu;0.27757324455111554
2020-09-17 10:04:12;service-dd56521f-7f5b-11eb-a1dc-d8cb8af1e959;group1;eu;0.23086650733960445
2020-09-17 10:04:12;service-dd565220-7f5b-11eb-b6c4-d8cb8af1e959;group1;eu;0.2637705120535509
2020-09-17 10:04:12;service-dd565222-7f5b-11eb-8845-d8cb8af1e959;group1;eu;0.624995605526987
2020-09-17 10:04:12;service-dd565223-7f5b-11eb-be29-d8cb8af1e959;group1;eu;0.2303749402398325
2020-09-17 10:04:12;service-dd565224-7f5b-11eb-87c1-d8cb8af1e959;group1;eu;0.07636149581283143
2020-09-17 10:04:12;service-dd567913-7f5b-11eb-a90f-d8cb8af1e959;group1;eu;0.06055891010497672
2020-09-17 10:04:12;service-dd565221-7f5b-11eb-9319-d8cb8af1e959;group1;eu;0.1505280475201796
2020-09-17 10:04:12;service-dd567915-7f5b-11eb-b17a-d8cb8af1e959;group1;eu;0.3401321382104712
2020-09-17 10:04:12;service-dd567912-7f5b-11eb-96e9-d8cb8af1e959;group1;eu;0.28112345216498424
2020-09-17 10:04:12;service-dd567914-7f5b-11eb-a440-d8cb8af1e959;group1;eu;0.29597430026840077
2020-09-17 10:04:42;service-dd56521f-7f5b-11eb-a1dc-d8cb8af1e959;group1;eu;0.23553533726093825
2020-09-17 10:04:42;service-dd565220-7f5b-11eb-b6c4-d8cb8af1e959;group1;eu;0.22468387380565544
2020-09-17 10:04:42;service-dd565222-7f5b-11eb-8845-d8cb8af1e959;group1;eu;0.3361624771022352
2020-09-17 10:04:42;service-dd565223-7f5b-11eb-be29-d8cb8af1e959;group1;eu;0.22047799083013017
2020-09-17 10:04:42;service-dd565224-7f5b-11eb-87c1-d8cb8af1e959;group1;eu;0.10342722484046021
2020-09-17 10:04:42;service-dd567913-7f5b-11eb-a90f-d8cb8af1e959;group1;eu;0.17766048901436976
2020-09-17 10:04:42;service-dd565221-7f5b-11eb-9319-d8cb8af1e959;group1;eu;0.017578668390457585
2020-09-17 10:04:42;service-dd567915-7f5b-11eb-b17a-d8cb8af1e959;group1;eu;0.29625219677674536
2020-09-17 10:04:42;service-dd567912-7f5b-11eb-96e9-d8cb8af1e959;group1;eu;0.2275251182372257
2020-09-17 10:04:42;service-dd567914-7f5b-11eb-a440-d8cb8af1e959;group1;eu;0.21787760414172824
2020-09-17 10:05:12;service-dd56521f-7f5b-11eb-a1dc-d8cb8af1e959;group1;eu;0.2311463779416221
2020-09-17 10:05:12;service-dd565220-7f5b-11eb-b6c4-d8cb8af1e959;group1;eu;0.23064008241579573
2020-09-17 10:05:12;service-dd565222-7f5b-11eb-8845-d8cb8af1e959;group1;eu;0.13903762774135014
2020-09-17 10:05:12;service-dd565223-7f5b-11eb-be29-d8cb8af1e959;group1;eu;0.24095608636272944
2020-09-17 10:05:12;service-dd565224-7f5b-11eb-87c1-d8cb8af1e959;group1;eu;0.24198429873119862
2020-09-17 10:05:12;service-dd567913-7f5b-11eb-a90f-d8cb8af1e959;group1;eu;0.281313636167003
2020-09-17 10:05:12;service-dd565221-7f5b-11eb-9319-d8cb8af1e959;group1;eu;0.09005310340912052
2020-09-17 10:05:12;service-dd567915-7f5b-11eb-b17a-d8cb8af1e959;group1;eu;0.28682522507533686
2020-09-17 10:05:12;service-dd567912-7f5b-11eb-96e9-d8cb8af1e959;group1;eu;0.15128896150999113
2020-09-17 10:05:12;service-dd567914-7f5b-11eb-a440-d8cb8af1e959;group1;eu;0.1268117490724619
2020-09-17 10:05:42;service-dd56521f-7f5b-11eb-a1dc-d8cb8af1e959;group1;eu;0.11437370310047884
2020-09-17 10:05:42;service-dd565220-7f5b-11eb-b6c4-d8cb8af1e959;group1;eu;0.13792293786345733
2020-09-17 10:05:42;service-dd565222-7f5b-11eb-8845-d8cb8af1e959;group1;eu;0.08049806312045779
2020-09-17 10:05:42;service-dd565223-7f5b-11eb-be29-d8cb8af1e959;group1;eu;0.16823277586517074
2020-09-17 10:05:42;service-dd565224-7f5b-11eb-87c1-d8cb8af1e959;group1;eu;0.22349261914950228
2020-09-17 10:05:42;service-dd567913-7f5b-11eb-a90f-d8cb8af1e959;group1;eu;0.2709686835196553
2020-09-17 10:05:42;service-dd565221-7f5b-11eb-9319-d8cb8af1e959;group1;eu;0.05938158612919704
2020-09-17 10:05:42;service-dd567915-7f5b-11eb-b17a-d8cb8af1e959;group1;eu;0.16597453424803904
2020-09-17 10:05:42;service-dd567912-7f5b-11eb-96e9-d8cb8af1e959;group1;eu;0.0007267928697375826
2020-09-17 10:05:42;service-dd567914-7f5b-11eb-a440-d8cb8af1e959;group1;eu;0.034077845105953804
2020-09-17 10:01:42;service-dd56521f-7f5b-11eb-a1dc-d8cb8af1e959;group1;eu;0.2670107083654311
2020-09-17 10:01:42;service-dd565220-7f5b-11eb-b6c4-d8cb8af1e959;group1;eu;0.43203244182462563
2020-09-17 10:01:42;service-dd565222-7f5b-11eb-8845-d8cb8af1e959;group1;eu;0.38338868256048736
2020-09-17 10:01:42;service-dd565223-7f5b-11eb-be29-d8cb8af1e959;group1;eu;0.2479941640793057
2020-09-17 10:01:42;service-dd565224-7f5b-11eb-87c1-d8cb8af1e959;group1;eu;0.1785734151182736
2020-09-17 10:01:42;service-dd567913-7f5b-11eb-a90f-d8cb8af1e959;group1;eu;0.06069901520923998
2020-09-17 10:01:42;service-dd565221-7f5b-11eb-9319-d8cb8af1e959;group1;eu;0.3757043136072008
2020-09-17 10:01:42;service-dd567915-7f5b-11eb-b17a-d8cb8af1e959;group1;eu;0.17230390433935808
2020-09-17 10:01:42;service-dd567912-7f5b-11eb-96e9-d8cb8af1e959;group1;eu;0.27397033353359407
2020-09-17 10:01:42;service-dd567914-7f5b-11eb-a440-d8cb8af1e959;group1;eu;0.2900069240749227
2020-09-17 10:02:12;service-dd56521f-7f5b-11eb-a1dc-d8cb8af1e959;group1;eu;0.12964852869127774
2020-09-17 10:02:12;service-dd565220-7f5b-11eb-b6c4-d8cb8af1e959;group1;eu;0.31277334075057345
2020-09-17 10:02:12;service-dd565222-7f5b-11eb-8845-d8cb8af1e959;group1;eu;0.10508320119532633
2020-09-17 10:02:12;service-dd565223-7f5b-11eb-be29-d8cb8af1e959;group1;eu;0.07146939696795955
2020-09-17 10:02:12;service-dd565224-7f5b-11eb-87c1-d8cb8af1e959;group1;eu;0.025137670768628134
2020-09-17 10:02:12;service-dd567913-7f5b-11eb-a90f-d8cb8af1e959;group1;eu;0.07000505401988864
2020-09-17 10:02:12;service-dd565221-7f5b-11eb-9319-d8cb8af1e959;group1;eu;0.17474514650597567
2020-09-17 10:02:12;service-dd567915-7f5b-11eb-b17a-d8cb8af1e959;group1;eu;0.02417616325954248
2020-09-17 10:02:12;service-dd567912-7f5b-11eb-96e9-d8cb8af1e959;group1;eu;0.08190595937519916
2020-09-17 10:02:12;service-dd567914-7f5b-11eb-a440-d8cb8af1e959;group1;eu;0.07202343721151876
2020-09-17 10:02:42;service-dd56521f-7f5b-11eb-a1dc-d8cb8af1e959;group1;eu;0.04411290591229915
2020-09-17 10:02:42;service-dd565220-7f5b-11eb-b6c4-d8cb8af1e959;group1;eu;0.34755937936345
2020-09-17 10:02:42;service-dd565222-7f5b-11eb-8845-d8cb8af1e959;group1;eu;0.006103789895114364
2020-09-17 10:02:42;service-dd565223-7f5b-11eb-be29-d8cb8af1e959;group1;eu;0.014579636325046157
2020-09-17 10:02:42;service-dd565224-7f5b-11eb-87c1-d8cb8af1e959;group1;eu;0.013724507306457205
2020-09-17 10:02:42;service-dd567913-7f5b-11eb-a90f-d8cb8af1e959;group1;eu;0.09062693969479106
2020-09-17 10:02:42;service-dd565221-7f5b-11eb-9319-d8cb8af1e959;group1;eu;0.041720651365486916
2020-09-17 10:02:42;service-dd567915-7f5b-11eb-b17a-d8cb8af1e959;group1;eu;0.05494774643197205
2020-09-17 10:02:42;service-dd567912-7f5b-11eb-96e9-d8cb8af1e959;group1;eu;0.1392691325620718
2020-09-17 10:02:42;service-dd567914-7f5b-11eb-a440-d8cb8af1e959;group1;eu;0.15072307210448566
2020-09-17 10:03:12;service-dd56521f-7f5b-11eb-a1dc-d8cb8af1e959;group1;eu;0.02746423553531052
2020-09-17 10:03:12;service-dd565220-7f5b-11eb-b6c4-d8cb8af1e959;group1;eu;0.28855817127823413
2020-09-17 10:03:12;service-dd565222-7f5b-11eb-8845-d8cb8af1e959;group1;eu;0.12505061697921555
2020-09-17 10:03:12;service-dd565223-7f5b-11eb-be29-d8cb8af1e959;group1;eu;0.023763464402395927
2020-09-17 10:03:12;service-dd565224-7f5b-11eb-87c1-d8cb8af1e959;group1;eu;0.036671830692580364
2020-09-17 10:03:12;service-dd567913-7f5b-11eb-a90f-d8cb8af1e959;group1;eu;0.1236199333548547
2020-09-17 10:03:12;service-dd565221-7f5b-11eb-9319-d8cb8af1e959;group1;eu;0.08552571366259655
2020-09-17 10:03:12;service-dd567915-7f5b-11eb-b17a-d8cb8af1e959;group1;eu;0.043188310200378006
2020-09-17 10:03:12;service-dd567912-7f5b-11eb-96e9-d8cb8af1e959;group1;eu;0.13197993946440356
2020-09-17 10:03:12;service-dd567914-7f5b-11eb-a440-d8cb8af1e959;group1;eu;0.21064976618062153
2020-09-17 10:03:42;service-dd56521f-7f5b-11eb-a1dc-d8cb8af1e959;group1;eu;0.2845397045876615
2020-09-17 10:03:42;service-dd565220-7f5b-11eb-b6c4-d8cb8af1e959;group1;eu;0.07526874840165292
2020-09-17 10:03:42;service-dd565222-7f5b-11eb-8845-d8cb8af1e959;group1;eu;0.3223183844479019
2020-09-17 10:03:42;service-dd565223-7f5b-11eb-be29-d8cb8af1e959;group1;eu;0.25086802231669864
2020-09-17 10:03:42;service-dd565224-7f5b-11eb-87c1-d8cb8af1e959;group1;eu;0.22564932345232605
2020-09-17 10:03:42;service-dd567913-7f5b-11eb-a90f-d8cb8af1e959;group1;eu;0.3289497492520854
2020-09-17 10:03:42;service-dd565221-7f5b-11eb-9319-d8cb8af1e959;group1;eu;0.31431208824489076
2020-09-17 10:03:42;service-dd567915-7f5b-11eb-b17a-d8cb8af1e959;group1;eu;0.19898823789304573
2020-09-17 10:03:42;service-dd567912-7f5b-11eb-96e9-d8cb8af1e959;group1;eu;0.07146277893726359
2020-09-17 10:03:42;service-dd567914-7f5b-11eb-a440-d8cb8af1e959;group1;eu;0.06495861933870213
2020-09-17 10:04:12;service-dd56521f-7f5b-11eb-a1dc-d8cb8af1e959;group1;eu;0.29757456645447583
2020-09-17 10:04:12;service-dd565220-7f5b-11eb-b6c4-d8cb8af1e959;group1;eu;0.18168215085888756
2020-09-17 10:04:12;service-dd565222-7f5b-11eb-8845-d8cb8af1e959;group1;eu;0.3359069586136607
2020-09-17 10:04:12;service-dd565223-7f5b-11eb-be29-d8cb8af1e959;group1;eu;0.27990715295222096
2020-09-17 10:04:12;service-dd565224-7f5b-11eb-87c1-d8cb8af1e959;group1;eu;0.21572444042128067
2020-09-17 10:04:12;service-dd567913-7f5b-11eb-a90f-d8cb8af1e959;group1;eu;0.3760606774223342
2020-09-17 10:04:12;service-dd565221-7f5b-11eb-9319-d8cb8af1e959;group1;eu;0.3327764600562493
2020-09-17 10:04:12;service-dd567915-7f5b-11eb-b17a-d8cb8af1e959;group1;eu;0.1835731931078994
2020-09-17 10:04:12;service-dd567912-7f5b-11eb-96e9-d8cb8af1e959;group1;eu;0.05482928763185303
2020-09-17 10:04:12;service-dd567914-7f5b-11eb-a440-d8cb8af1e959;group1;eu;0.017700475645033284
2020-09-17 10:04:42;service-dd56521f-7f5b-11eb-a1dc-d8cb8af1e959;group1;eu;0.1020071569350631
2020-09-17 10:04:42;service-dd565220-7f5b-11eb-b6c4-d8cb8af1e959;group1;eu;0.09773214003019744
2020-09-17 10:04:42;service-dd565222-7f5b-11eb-8845-d8cb8af1e959;group1;eu;0.08486693716177288
2020-09-17 10:04:42;service-dd565223-7f5b-11eb-be29-d8cb8af1e959;group1;eu;0.08610117852408805
2020-09-17 10:04:42;service-dd565224-7f5b-11eb-87c1-d8cb8af1e959;group1;eu;0.0037749962536957893
2020-09-17 10:04:42;service-dd567913-7f5b-11eb-a90f-d8cb8af1e959;group1;eu;0.19787896948218825
2020-09-17 10:04:42;service-dd565221-7f5b-11eb-9319-d8cb8af1e959;group1;eu;0.17044638531083978
2020-09-17 10:04:42;service-dd567915-7f5b-11eb-b17a-d8cb8af1e959;group1;eu;0.1693171016287533
2020-09-17 10:04:42;service-dd567912-7f5b-11eb-96e9-d8cb8af1e959;group1;eu;0.21571708608929077
2020-09-17 10:04:42;service-dd567914-7f5b-11eb-a440-d8cb8af1e959;group1;eu;0.1992649114902258
2020-09-17 10:05:12;service-dd56521f-7f5b-11eb-a1dc-d8cb8af1e959;group1;eu;0.01547352142411337
2020-09-17 10:05:12;service-dd565220-7f5b-11eb-b6c4-d8cb8af1e959;group1;eu;0.08765759000716768
2020-09-17 10:05:12;service-dd565222-7f5b-11eb-8845-d8cb8af1e959;group1;eu;0.03872234616689102
2020-09-17 10:05:12;service-dd565223-7f5b-11eb-be29-d8cb8af1e959;group1;eu;0.037283967105918824
2020-09-17 10:05:12;service-dd565224-7f5b-11eb-87c1-d8cb8af1e959;group1;eu;0.0839353651366822
2020-09-17 10:05:12;service-dd567913-7f5b-11eb-a90f-d8cb8af1e959;group1;eu;0.10814524583132766
2020-09-17 10:05:12;service-dd565221-7f5b-11eb-9319-d8cb8af1e959;group1;eu;0.13766249791989757
2020-09-17 10:05:12;service-dd567915-7f5b-11eb-b17a-d8cb8af1e959;group1;eu;0.3304825167665128
2020-09-17 10:05:12;service-dd567912-7f5b-11eb-96e9-d8cb8af1e959;group1;eu;0.2841345852142838
2020-09-17 10:05:12;service-dd567914-7f5b-11eb-a440-d8cb8af1e959;group1;eu;0.25367100429764783
2020-09-17 10:05:42;service-dd56521f-7f5b-11eb-a1dc-d8cb8af1e959;group1;eu;0.07202419845824135
2020-09-17 10:05:42;service-dd565220-7f5b-11eb-b6c4-d8cb8af1e959;group1;eu;0.030601729171615112
2020-09-17 10:05:42;service-dd565222-7f5b-11eb-8845-d8cb8af1e959;group1;eu;0.1746888914479234
2020-09-17 10:05:42;service-dd565223-7f5b-11eb-be29-d8cb8af1e959;group1;eu;0.06614780860861125
2020-09-17 10:05:42;service-dd565224-7f5b-11eb-87c1-d8cb8af1e959;group1;eu;0.1621317155242509
2020-09-17 10:05:42;service-dd567913-7f5b-11eb-a90f-d8cb8af1e959;group1;eu;0.03277875831212324
2020-09-17 10:05:42;service-dd565221-7f5b-11eb-9319-d8cb8af1e959;group1;eu;0.07313620765460466
2020-09-17 10:05:42;service-dd567915-7f5b-11eb-b17a-d8cb8af1e959;group1;eu;0.47382948766381383
2020-09-17 10:05:42;service-dd567912-7f5b-11eb-96e9-d8cb8af1e959;group1;eu;0.3490258470456079
2020-09-17 10:05:42;service-dd567914-7f5b-11eb-a440-d8cb8af1e959;group1;eu;0.25163293655083807
2020-09-17 10:01:33;service-dd56521f-7f5b-11eb-a1dc-d8cb8af1e959;group1;eu;0.6906378076520907
2020-09-17 10:01:33;service-dd565220-7f5b-11eb-b6c4-d8cb8af1e959;group1;eu;0.6035982797735572
2020-09-17 10:01:33;service-dd565222-7f5b-11eb-8845-d8cb8af1e959;group1;eu;0.779121660989459
2020-09-17 10:01:33;service-dd565223-7f5b-11eb-be29-d8cb8af1e959;group1;eu;0.6936009142326132
2020-09-17 10:01:33;service-dd565224-7f5b-11eb-87c1-d8cb8af1e959;group1;eu;0.6991611983074947
2020-09-17 10:01:33;service-dd567913-7f5b-11eb-a90f-d8cb8af1e959;group1;eu;0.6042640525867424
2020-09-17 10:01:33;service-dd565221-7f5b-11eb-9319-d8cb8af1e959;group1;eu;0.6353150193427062
2020-09-17 10:01:33;service-dd567915-7f5b-11eb-b17a-d8cb8af1e959;group1;eu;0.7839046126907582
2020-09-17 10:01:33;service-dd567912-7f5b-11eb-96e9-d8cb8af1e959;group1;eu;0.757125151105912
2020-09-17 10:01:33;service-dd567914-7f5b-11eb-a440-d8cb8af1e959;group1;eu;0.7415565196703027
2020-09-17 10:02:03;service-dd56521f-7f5b-11eb-a1dc-d8cb8af1e959;group1;eu;0.2734025453742084
2020-09-17 10:02:03;service-dd565220-7f5b-11eb-b6c4-d8cb8af1e959;group1;eu;0.08455307913792395
2020-09-17 10:02:03;service-dd565222-7f5b-11eb-8845-d8cb8af1e959;group1;eu;0.3532400862454581
2020-09-17 10:02:03;service-dd565223-7f5b-11eb-be29-d8cb8af1e959;group1;eu;0.32167813680083973
2020-09-17 10:02:03;service-dd565224-7f5b-11eb-87c1-d8cb8af1e959;group1;eu;0.34069054119125364
2020-09-17 10:02:03;service-dd567913-7f5b-11eb-a90f-d8cb8af1e959;group1;eu;0.2538132681210734
2020-09-17 10:02:03;service-dd565221-7f5b-11eb-9319-d8cb8af1e959;group1;eu;0.22412118954864954
2020-09-17 10:02:03;service-dd567915-7f5b-11eb-b17a-d8cb8af1e959;group1;eu;0.397045583129026
2020-09-17 10:02:03;service-dd567912-7f5b-11eb-96e9-d8cb8af1e959;group1;eu;0.3649445637615765
2020-09-17 10:02:03;service-dd567914-7f5b-11eb-a440-d8cb8af1e959;group1;eu;0.2972885735078568
2020-09-17 10:02:33;service-dd56521f-7f5b-11eb-a1dc-d8cb8af1e959;group1;eu;0.023856876329245283
2020-09-17 10:02:33;service-dd565220-7f5b-11eb-b6c4-d8cb8af1e959;group1;eu;0.09907761654529638
2020-09-17 10:02:33;service-dd565222-7f5b-11eb-8845-d8cb8af1e959;group1;eu;0.10369266924814753
2020-09-17 10:02:33;service-dd565223-7f5b-11eb-be29-d8cb8af1e959;group1;eu;0.10019887801228185
2020-09-17 10:02:33;service-dd565224-7f5b-11eb-87c1-d8cb8af1e959;group1;eu;0.13552575749969098
2020-09-17 10:02:33;service-dd567913-7f5b-11eb-a90f-d8cb8af1e959;group1;eu;0.052465672056534664
2020-09-17 10:02:33;service-dd565221-7f5b-11eb-9319-d8cb8af1e959;group1;eu;0.07176214170233305
2020-09-17 10:02:33;service-dd567915-7f5b-11eb-b17a-d8cb8af1e959;group1;eu;0.07800391854872502
2020-09-17 10:02:33;service-dd567912-7f5b-11eb-96e9-d8cb8af1e959;group1;eu;0.09614421829810874
2020-09-17 10:02:33;service-dd567914-7f5b-11eb-a440-d8cb8af1e959;group1;eu;0.037549388373038436
2020-09-17 10:03:03;service-dd56521f-7f5b-11eb-a1dc-d8cb8af1e959;group1;eu;0.088544311299342
2020-09-17 10:03:03;service-dd565220-7f5b-11eb-b6c4-d8cb8af1e959;group1;eu;0.16886097322668997
2020-09-17 10:03:03;service-dd565222-7f5b-11eb-8845-d8cb8af1e959;group1;eu;0.07511437029625029
2020-09-17 10:03:03;service-dd565223-7f5b-11eb-be29-d8cb8af1e959;group1;eu;0.002902669793757595
2020-09-17 10:03:03;service-dd565224-7f5b-11eb-87c1-d8cb8af1e959;group1;eu;0.09320439924170143
2020-09-17 10:03:03;service-dd567913-7f5b-11eb-a90f-d8cb8af1e959;group1;eu;0.09787065717898347
2020-09-17 10:03:03;service-dd565221-7f5b-11eb-9319-d8cb8af1e959;group1;eu;0.05941661893655958
2020-09-17 10:03:03;service-dd567915-7f5b-11eb-b17a-d8cb8af1e959;group1;eu;0.0692898007991518
2020-09-17 10:03:03;service-dd567912-7f5b-11eb-96e9-d8cb8af1e959;group1;eu;0.09843608322267457
2020-09-17 10:03:03;service-dd567914-7f5b-11eb-a440-d8cb8af1e959;group1;eu;0.16638828492462795
2020-09-17 10:03:33;service-dd56521f-7f5b-11eb-a1dc-d8cb8af1e959;group1;eu;0.1581043841747397
2020-09-17 10:03:33;service-dd565220-7f5b-11eb-b6c4-d8cb8af1e959;group1;eu;0.1817341481621291
2020-09-17 10:03:33;service-dd565222-7f5b-11eb-8845-d8cb8af1e959;group1;eu;0.1626926661355207
2020-09-17 10:03:33;service-dd565223-7f5b-11eb-be29-d8cb8af1e959;group1;eu;0.09282853000396367
2020-09-17 10:03:33;service-dd565224-7f5b-11eb-87c1-d8cb8af1e959;group1;eu;0.0046906234309999125
2020-09-17 10:03:33;service-dd567913-7f5b-11eb-a90f-d8cb8af1e959;group1;eu;0.18190278445422042
2020-09-17 10:03:33;service-dd565221-7f5b-11eb-9319-d8cb8af1e959;group1;eu;0.0032538323436337225
2020-09-17 10:03:33;service-dd567915-7f5b-11eb-b17a-d8cb8af1e959;group1;eu;0.16629397409378854
2020-09-17 10:03:33;service-dd567912-7f5b-11eb-96e9-d8cb8af1e959;group1;eu;0.18066583644958173
2020-09-17 10:03:33;service-dd567914-7f5b-11eb-a440-d8cb8af1e959;group1;eu;0.23933600145827338
2020-09-17 10:04:03;service-dd56521f-7f5b-11eb-a1dc-d8cb8af1e959;group1;eu;0.23424867884934103
2020-09-17 10:04:03;service-dd565220-7f5b-11eb-b6c4-d8cb8af1e959;group1;eu;0.18643910626902865
2020-09-17 10:04:03;service-dd565222-7f5b-11eb-8845-d8cb8af1e959;group1;eu;0.26590040613553884
2020-09-17 10:04:03;service-dd565223-7f5b-11eb-be29-d8cb8af1e959;group1;eu;0.16937769523211066
2020-09-17 10:04:03;service-dd565224-7f5b-11eb-87c1-d8cb8af1e959;group1;eu;0.101015994358038
2020-09-17 10:04:03;service-dd567913-7f5b-11eb-a90f-d8cb8af1e959;group1;eu;0.25455856545214217
2020-09-17 10:04:03;service-dd565221-7f5b-11eb-9319-d8cb8af1e959;group1;eu;0.09448401309338877
2020-09-17 10:04:03;service-dd567915-7f5b-11eb-b17a-d8cb8af1e959;group1;eu;0.21963581335326637
2020-09-17 10:04:03;service-dd567912-7f5b-11eb-96e9-d8cb8af1e959;group1;eu;0.2643033389806526
2020-09-17 10:04:03;service-dd567914-7f5b-11eb-a440-d8cb8af1e959;group1;eu;0.2956367888547905
2020-09-17 10:04:33;service-dd56521f-7f5b-11eb-a1dc-d8cb8af1e959;group1;eu;0.22918076829838593
2020-09-17 10:04:33;service-dd565220-7f5b-11eb-b6c4-d8cb8af1e959;group1;eu;0.1134667333817541
2020-09-17 10:04:33;service-dd565222-7f5b-11eb-8845-d8cb8af1e959;group1;eu;0.26523886919663997
2020-09-17 10:04:33;service-dd565223-7f5b-11eb-be29-d8cb8af1e959;group1;eu;0.178393778417677
2020-09-17 10:04:33;service-dd565224-7f5b-11eb-87c1-d8cb8af1e959;group1;eu;0.16101418584703106
2020-09-17 10:04:33;service-dd567913-7f5b-11eb-a90f-d8cb8af1e959;group1;eu;0.2546636172489739
2020-09-17 10:04:33;service-dd565221-7f5b-11eb-9319-d8cb8af1e959;group1;eu;0.0868788520995682
2020-09-17 10:04:33;service-dd567915-7f5b-11eb-b17a-d8cb8af1e959;group1;eu;0.1749517970240204
2020-09-17 10:04:33;service-dd567912-7f5b-11eb-96e9-d8cb8af1e959;group1;eu;0.25470493417937445
2020-09-17 10:04:33;service-dd567914-7f5b-11eb-a440-d8cb8af1e959;group1;eu;0.27624094817693895
2020-09-17 10:05:03;service-dd56521f-7f5b-11eb-a1dc-d8cb8af1e959;group1;eu;0.23101725309444476
2020-09-17 10:05:03;service-dd565220-7f5b-11eb-b6c4-d8cb8af1e959;group1;eu;0.049971390688008564
2020-09-17 10:05:03;service-dd565222-7f5b-11eb-8845-d8cb8af1e959;group1;eu;0.2784110704311002
2020-09-17 10:05:03;service-dd565223-7f5b-11eb-be29-d8cb8af1e959;group1;eu;0.20405779026609036
2020-09-17 10:05:03;service-dd565224-7f5b-11eb-87c1-d8cb8af1e959;group1;eu;0.21340625445498762
2020-09-17 10:05:03;service-dd567913-7f5b-11eb-a90f-d8cb8af1e959;group1;eu;0.2573169016130592
2020-09-17 10:05:03;service-dd565221-7f5b-11eb-9319-d8cb8af1e959;group1;eu;0.08882089689047733
2020-09-17 10:05:03;service-dd567915-7f5b-11eb-b17a-d8cb8af1e959;group1;eu;0.16656643226494805
2020-09-17 10:05:03;service-dd567912-7f5b-11eb-96e9-d8cb8af1e959;group1;eu;0.2659136793147422
2020-09-17 10:05:03;service-dd567914-7f5b-11eb-a440-d8cb8af1e959;group1;eu;0.26702879190085976
2020-09-17 10:05:33;service-dd56521f-7f5b-11eb-a1dc-d8cb8af1e959;group1;eu;0.12499253484818829
2020-09-17 10:05:33;service-dd565220-7f5b-11eb-b6c4-d8cb8af1e959;group1;eu;0.11012025741678531
2020-09-17 10:05:33;service-dd565222-7f5b-11eb-8845-d8cb8af1e959;group1;eu;0.155369856553638
2020-09-17 10:05:33;service-dd565223-7f5b-11eb-be29-d8cb8af1e959;group1;eu;0.10258650644446414
2020-09-17 10:05:33;service-dd565224-7f5b-11eb-87c1-d8cb8af1e959;group1;eu;0.1947552047273254
2020-09-17 10:05:33;service-dd567913-7f5b-11eb-a90f-d8cb8af1e959;group1;eu;0.1328952878324364
2020-09-17 10:05:33;service-dd565221-7f5b-11eb-9319-d8cb8af1e959;group1;eu;0.026429673887354326
2020-09-17 10:05:33;service-dd567915-7f5b-11eb-b17a-d8cb8af1e959;group1;eu;0.022587094765146004
2020-09-17 10:05:33;service-dd567912-7f5b-11eb-96e9-d8cb8af1e959;group1;eu;0.17246215253941524
2020-09-17 10:05:33;service-dd567914-7f5b-11eb-a440-d8cb8af1e959;group1;eu;0.12871509004957282
2020-09-17 10:01:36;service-dd56521f-7f5b-11eb-a1dc-d8cb8af1e959;group1;eu;0.18274114852496837
2020-09-17 10:01:36;service-dd565220-7f5b-11eb-b6c4-d8cb8af1e959;group1;eu;0.24987488544345524
2020-09-17 10:01:36;service-dd565222-7f5b-11eb-8845-d8cb8af1e959;group1;eu;0.15839756163933805
2020-09-17 10:01:36;service-dd565223-7f5b-11eb-be29-d8cb8af1e959;group1;eu;0.24814239906255445
2020-09-17 10:01:36;service-dd565224-7f5b-11eb-87c1-d8cb8af1e959;group1;eu;0.16959078432728258
2020-09-17 10:01:36;service-dd567913-7f5b-11eb-a90f-d8cb8af1e959;group1;eu;0.10639566859267126
2020-09-17 10:01:36;service-dd565221-7f5b-11eb-9319-d8cb8af1e959;group1;eu;0.312365203246498
2020-09-17 10:01:36;service-dd567915-7f5b-11eb-b17a-d8cb8af1e959;group1;eu;0.28854539131323304
2020-09-17 10:01:36;service-dd567912-7f5b-11eb-96e9-d8cb8af1e959;group1;eu;0.11977737145656969
2020-09-17 10:01:36;service-dd567914-7f5b-11eb-a440-d8cb8af1e959;group1;eu;0.12055385978429081
2020-09-17 10:02:06;service-dd56521f-7f5b-11eb-a1dc-d8cb8af1e959;group1;eu;0.10107906715295276
2020-09-17 10:02:06;service-dd565220-7f5b-11eb-b6c4-d8cb8af1e959;group1;eu;0.27421240891331533
2020-09-17 10:02:06;service-dd565222-7f5b-11eb-8845-d8cb8af1e959;group1;eu;0.23075008108390918
2020-09-17 10:02:06;service-dd565223-7f5b-11eb-be29-d8cb8af1e959;group1;eu;0.02929163710723447
2020-09-17 10:02:06;service-dd565224-7f5b-11eb-87c1-d8cb8af1e959;group1;eu;0.1308823371188418
2020-09-17 10:02:06;service-dd567913-7f5b-11eb-a90f-d8cb8af1e959;group1;eu;0.14999550684072963
2020-09-17 10:02:06;service-dd565221-7f5b-11eb-9319-d8cb8af1e959;group1;eu;0.04880553084573813
2020-09-17 10:02:06;service-dd567915-7f5b-11eb-b17a-d8cb8af1e959;group1;eu;0.008811903376894458
2020-09-17 10:02:06;service-dd567912-7f5b-11eb-96e9-d8cb8af1e959;group1;eu;0.1234780447600887
2020-09-17 10:02:06;service-dd567914-7f5b-11eb-a440-d8cb8af1e959;group1;eu;0.14517723389462778
2020-09-17 10:02:36;service-dd56521f-7f5b-11eb-a1dc-d8cb8af1e959;group1;eu;0.20387125794739716
2020-09-17 10:02:36;service-dd565220-7f5b-11eb-b6c4-d8cb8af1e959;group1;eu;0.38194029412129704
2020-09-17 10:02:36;service-dd565222-7f5b-11eb-8845-d8cb8af1e959;group1;eu;0.28855353888836277
2020-09-17 10:02:36;service-dd565223-7f5b-11eb-be29-d8cb8af1e959;group1;eu;0.0992625902087035
2020-09-17 10:02:36;service-dd565224-7f5b-11eb-87c1-d8cb8af1e959;group1;eu;0.19849946494949036
2020-09-17 10:02:36;service-dd567913-7f5b-11eb-a90f-d8cb8af1e959;group1;eu;0.16366120165734716
2020-09-17 10:02:36;service-dd565221-7f5b-11eb-9319-d8cb8af1e959;group1;eu;0.02843933904813036
2020-09-17 10:02:36;service-dd567915-7f5b-11eb-b17a-d8cb8af1e959;group1;eu;0.09082603877396234
2020-09-17 10:02:36;service-dd567912-7f5b-11eb-96e9-d8cb8af1e959;group1;eu;0.16540927978642558
2020-09-17 10:02:36;service-dd567914-7f5b-11eb-a440-d8cb8af1e959;group1;eu;0.22894589326567755
2020-09-17 10:03:06;service-dd56521f-7f5b-11eb-a1dc-d8cb8af1e959;group1;eu;0.161746310082205
2020-09-17 10:03:06;service-dd565220-7f5b-11eb-b6c4-d8cb8af1e959;group1;eu;0.3455786711059401
2020-09-17 10:03:06;service-dd565222-7f5b-11eb-8845-d8cb8af1e959;group1;eu;0.23772258193150544
2020-09-17 10:03:06;service-dd565223-7f5b-11eb-be29-d8cb8af1e959;group1;eu;0.032526259445835315
2020-09-17 10:03:06;service-dd565224-7f5b-11eb-87c1-d8cb8af1e959;group1;eu;0.2389856322408576
2020-09-17 10:03:06;service-dd567913-7f5b-11eb-a90f-d8cb8af1e959;group1;eu;0.11206756798058976
2020-09-17 10:03:06;service-dd565221-7f5b-11eb-9319-d8cb8af1e959;group1;eu;0.054778423440547334
2020-09-17 10:03:06;service-dd567915-7f5b-11eb-b17a-d8cb8af1e959;group1;eu;0.022599693629190478
2020-09-17 10:03:06;service-dd567912-7f5b-11eb-96e9-d8cb8af1e959;group1;eu;0.06246351487672272
2020-09-17 10:03:06;service-dd567914-7f5b-11eb-a440-d8cb8af1e959;group1;eu;0.1363931048461962
2020-09-17 10:03:36;service-dd56521f-7f5b-11eb-a1dc-d8cb8af1e959;group1;eu;0.2551498312225954
2020-09-17 10:03:36;service-dd565220-7f5b-11eb-b6c4-d8cb8af1e959;group1;eu;0.043346273993762584
2020-09-17 10:03:36;service-dd565222-7f5b-11eb-8845-d8cb8af1e959;group1;eu;0.22373697790991537
2020-09-17 10:03:36;service-dd565223-7f5b-11eb-be29-d8cb8af1e959;group1;eu;0.3600089952532279
2020-09-17 10:03:36;service-dd565224-7f5b-11eb-87c1-d8cb8af1e959;group1;eu;0.06506929456314163
2020-09-17 10:03:36;service-dd567913-7f5b-11eb-a90f-d8cb8af1e959;group1;eu;0.2808466994069667
2020-09-17 10:03:36;service-dd565221-7f5b-11eb-9319-d8cb8af1e959;group1;eu;0.4151485878372004
2020-09-17 10:03:36;service-dd567915-7f5b-11eb-b17a-d8cb8af1e959;group1;eu;0.42829278766699114
2020-09-17 10:03:36;service-dd567912-7f5b-11eb-96e9-d8cb8af1e959;group1;eu;0.3609898963885543
2020-09-17 10:03:36;service-dd567914-7f5b-11eb-a440-d8cb8af1e959;group1;eu;0.27374883149887974
2020-09-17 10:04:06;service-dd56521f-7f5b-11eb-a1dc-d8cb8af1e959;group1;eu;0.4290585155728362
2020-09-17 10:04:06;service-dd565220-7f5b-11eb-b6c4-d8cb8af1e959;group1;eu;0.31196437756898987
2020-09-17 10:04:06;service-dd565222-7f5b-11eb-8845-d8cb8af1e959;group1;eu;0.44720215873869784
2020-09-17 10:04:06;service-dd565223-7f5b-11eb-be29-d8cb8af1e959;group1;eu;0.5297556636880714
2020-09-17 10:04:06;service-dd565224-7f5b-11eb-87c1-d8cb8af1e959;group1;eu;0.241763435539851
2020-09-17 10:04:06;service-dd567913-7f5b-11eb-a90f-d8cb8af1e959;group1;eu;0.4578506557386302
2020-09-17 10:04:06;service-dd565221-7f5b-11eb-9319-d8cb8af1e959;group1;eu;0.5602284610189056
2020-09-17 10:04:06;service-dd567915-7f5b-11eb-b17a-d8cb8af1e959;group1;eu;0.5824211042921448
2020-09-17 10:04:06;service-dd567912-7f5b-11eb-96e9-d8cb8af1e959;group1;eu;0.5308930319397753
2020-09-17 10:04:06;service-dd567914-7f5b-11eb-a440-d8cb8af1e959;group1;eu;0.4725017354850787
2020-09-17 10:04:36;service-dd56521f-7f5b-11eb-a1dc-d8cb8af1e959;group1;eu;0.3125436114528488
2020-09-17 10:04:36;service-dd565220-7f5b-11eb-b6c4-d8cb8af1e959;group1;eu;0.2536406501370863
2020-09-17 10:04:36;service-dd565222-7f5b-11eb-8845-d8cb8af1e959;group1;eu;0.35443027836084817
2020-09-17 10:04:36;service-dd565223-7f5b-11eb-be29-d8cb8af1e959;group1;eu;0.4307612190865914
2020-09-17 10:04:36;service-dd565224-7f5b-11eb-87c1-d8cb8af1e959;group1;eu;0.032135405989380035
2020-09-17 10:04:36;service-dd567913-7f5b-11eb-a90f-d8cb8af1e959;group1;eu;0.3403697179601372
2020-09-17 10:04:36;service-dd565221-7f5b-11eb-9319-d8cb8af1e959;group1;eu;0.459003118317849
2020-09-17 10:04:36;service-dd567915-7f5b-11eb-b17a-d8cb8af1e959;group1;eu;0.47892950537986856
2020-09-17 10:04:36;service-dd567912-7f5b-11eb-96e9-d8cb8af1e959;group1;eu;0.4330881864071912
2020-09-17 10:04:36;service-dd567914-7f5b-11eb-a440-d8cb8af1e959;group1;eu;0.3570486086673578
2020-09-17 10:05:06;service-dd56521f-7f5b-11eb-a1dc-d8cb8af1e959;group1;eu;0.19980327952518293
2020-09-17 10:05:06;service-dd565220-7f5b-11eb-b6c4-d8cb8af1e959;group1;eu;0.2810231679579708
2020-09-17 10:05:06;service-dd565222-7f5b-11eb-8845-d8cb8af1e959;group1;eu;0.2990957365608002
2020-09-17 10:05:06;service-dd565223-7f5b-11eb-be29-d8cb8af1e959;group1;eu;0.38076396592375994
2020-09-17 10:05:06;service-dd565224-7f5b-11eb-87c1-d8cb8af1e959;group1;eu;0.09658841283117008
2020-09-17 10:05:06;service-dd567913-7f5b-11eb-a90f-d8cb8af1e959;group1;eu;0.25197599062311143
2020-09-17 10:05:06;service-dd565221-7f5b-11eb-9319-d8cb8af1e959;group1;eu;0.3322257024299466
2020-09-17 10:05:06;service-dd567915-7f5b-11eb-b17a-d8cb8af1e959;group1;eu;0.34209143173965323
2020-09-17 10:05:06;service-dd567912-7f5b-11eb-96e9-d8cb8af1e959;group1;eu;0.37857512492623485
2020-09-17 10:05:06;service-dd567914-7f5b-11eb-a440-d8cb8af1e959;group1;eu;0.31414421844341966
2020-09-17 10:05:36;service-dd56521f-7f5b-11eb-a1dc-d8cb8af1e959;group1;eu;0.24399020997830442
2020-09-17 10:05:36;service-dd565220-7f5b-11eb-b6c4-d8cb8af1e959;group1;eu;0.445747261087303
2020-09-17 10:05:36;service-dd565222-7f5b-11eb-8845-d8cb8af1e959;group1;eu;0.3955068124103075
2020-09-17 10:05:36;service-dd565223-7f5b-11eb-be29-d8cb8af1e959;group1;eu;0.4322435951166256
2020-09-17 10:05:36;service-dd565224-7f5b-11eb-87c1-d8cb8af1e959;group1;eu;0.02503528267814826
2020-09-17 10:05:36;service-dd567913-7f5b-11eb-a90f-d8cb8af1e959;group1;eu;0.30619653978853517
2020-09-17 10:05:36;service-dd565221-7f5b-11eb-9319-d8cb8af1e959;group1;eu;0.32282428059632906
2020-09-17 10:05:36;service-dd567915-7f5b-11eb-b17a-d8cb8af1e959;group1;eu;0.3566466448961661
2020-09-17 10:05:36;service-dd567912-7f5b-11eb-96e9-d8cb8af1e959;group1;eu;0.44217442790219624
2020-09-17 10:05:36;service-dd567914-7f5b-11eb-a440-d8cb8af1e959;group1;eu;0.42539809010328244
2020-09-17 10:01:42;service-dd56521f-7f5b-11eb-a1dc-d8cb8af1e959;group1;eu;0.7165211725800538
2020-09-17 10:01:42;service-dd565220-7f5b-11eb-b6c4-d8cb8af1e959;group1;eu;0.7244457601050555
2020-09-17 10:01:42;service-dd565222-7f5b-11eb-8845-d8cb8af1e959;group1;eu;0.7941581577617043
2020-09-17 10:01:42;service-dd565223-7f5b-11eb-be29-d8cb8af1e959;group1;eu;0.7804927510007295
2020-09-17 10:01:42;service-dd565224-7f5b-11eb-87c1-d8cb8af1e959;group1;eu;0.6585077944507524
2020-09-17 10:01:42;service-dd567913-7f5b-11eb-a90f-d8cb8af1e959;group1;eu;0.6762088829987037
2020-09-17 10:01:42;service-dd565221-7f5b-11eb-9319-d8cb8af1e959;group1;eu;0.7422920642814465
2020-09-17 10:01:42;service-dd567915-7f5b-11eb-b17a-d8cb8af1e959;group1;eu;0.7388078704942672
2020-09-17 10:01:42;service-dd567912-7f5b-11eb-96e9-d8cb8af1e959;group1;eu;0.7652260471454247
2020-09-17 10:01:42;service-dd567914-7f5b-11eb-a440-d8cb8af1e959;group1;eu;0.7627565288610519
2020-09-17 10:02:12;service-dd56521f-7f5b-11eb-a1dc-d8cb8af1e959;group1;eu;0.47289364223122704
2020-09-17 10:02:12;service-dd565220-7f5b-11eb-b6c4-d8cb8af1e959;group1;eu;0.42617820700036435
2020-09-17 10:02:12;service-dd565222-7f5b-11eb-8845-d8cb8af1e959;group1;eu;0.5432927278812635
2020-09-17 10:02:12;service-dd565223-7f5b-11eb-be29-d8cb8af1e959;group1;eu;0.5903294190739761
2020-09-17 10:02:12;service-dd565224-7f5b-11eb-87c1-d8cb8af1e959;group1;eu;0.3752152762700743
2020-09-17 10:02:12;service-dd567913-7f5b-11eb-a90f-d8cb8af1e959;group1;eu;0.41493126377204403
2020-09-17 10:02:12;service-dd565221-7f5b-11eb-9319-d8cb8af1e959;group1;eu;0.5203820178909404
2020-09-17 10:02:12;service-dd567915-7f5b-11eb-b17a-d8cb8af1e959;group1;eu;0.4515500742679987
2020-09-17 10:02:12;service-dd567912-7f5b-11eb-96e9-d8cb8af1e959;group1;eu;0.5096894035016859
2020-09-17 10:02:12;service-dd567914-7f5b-11eb-a440-d8cb8af1e959;group1;eu;0.519732644547885
2020-09-17 10:02:42;service-dd56521f-7f5b-11eb-a1dc-d8cb8af1e959;group1;eu;0.3842879768291166
2020-09-17 10:02:42;service-dd565220-7f5b-11eb-b6c4-d8cb8af1e959;group1;eu;0.29134302170895787
2020-09-17 10:02:42;service-dd565222-7f5b-11eb-8845-d8cb8af1e959;group1;eu;0.436024302687306
2020-09-17 10:02:42;service-dd565223-7f5b-11eb-be29-d8cb8af1e959;group1;eu;0.5123713316883531
2020-09-17 10:02:42;service-dd565224-7f5b-11eb-87c1-d8cb8af1e959;group1;eu;0.3173574095031417
2020-09-17 10:02:42;service-dd567913-7f5b-11eb-a90f-d8cb8af1e959;group1;eu;0.2965569455859423
2020-09-17 10:02:42;service-dd565221-7f5b-11eb-9319-d8cb8af1e959;group1;eu;0.437904521800847
2020-09-17 10:02:42;service-dd567915-7f5b-11eb-b17a-d8cb8af1e959;group1;eu;0.32366923866596725
2020-09-17 10:02:42;service-dd567912-7f5b-11eb-96e9-d8cb8af1e959;group1;eu;0.3996448892166636
2020-09-17 10:02:42;service-dd567914-7f5b-11eb-a440-d8cb8af1e959;group1;eu;0.40906153602555956
2020-09-17 10:03:12;service-dd56521f-7f5b-11eb-a1dc-d8cb8af1e959;group1;eu;0.15770735950218248
2020-09-17 10:03:12;service-dd565220-7f5b-11eb-b6c4-d8cb8af1e959;group1;eu;0.006999606651106525
2020-09-17 10:03:12;service-dd565222-7f5b-11eb-8845-d8cb8af1e959;group1;eu;0.2337164022416565
2020-09-17 10:03:12;service-dd565223-7f5b-11eb-be29-d8cb8af1e959;group1;eu;0.3246178250577855
2020-09-17 10:03:12;service-dd565224-7f5b-11eb-87c1-d8cb8af1e959;group1;eu;0.13538593555248776
2020-09-17 10:03:12;service-dd567913-7f5b-11eb-a90f-d8cb8af1e959;group1;eu;0.05198815316392418
2020-09-17 10:03:12;service-dd565221-7f5b-11eb-9319-d8cb8af1e959;group1;eu;0.23086418825636235
2020-09-17 10:03:12;service-dd567915-7f5b-11eb-b17a-d8cb8af1e959;group1;eu;0.07556360899488064
2020-09-17 10:03:12;service-dd567912-7f5b-11eb-96e9-d8cb8af1e959;group1;eu;0.1515459662892735
2020-09-17 10:03:12;service-dd567914-7f5b-11eb-a440-d8cb8af1e959;group1;eu;0.19035795241965564
2020-09-17 10:03:42;service-dd56521f-7f5b-11eb-a1dc-d8cb8af1e959;group1;eu;0.20675412114999653
2020-09-17 10:03:42;service-dd565220-7f5b-11eb-b6c4-d8cb8af1e959;group1;eu;0.33941085680196026
2020-09-17 10:03:42;service-dd565222-7f5b-11eb-8845-d8cb8af1e959;group1;eu;0.08444608009323817
2020-09-17 10:03:42;service-dd565223-7f5b-11eb-be29-d8cb8af1e959;group1;eu;0.01740857131172709
2020-09-17 10:03:42;service-dd565224-7f5b-11eb-87c1-d8cb8af1e959;group1;eu;0.10717825791973595
2020-09-17 10:03:42;service-dd567913-7f5b-11eb-a90f-d8cb8af1e959;group1;eu;0.27653310819880383
2020-09-17 10:03:42;service-dd565221-7f5b-11eb-9319-d8cb8af1e959;group1;eu;0.13458884739137106
2020-09-17 10:03:42;service-dd567915-7f5b-11eb-b17a-d8cb8af1e959;group1;eu;0.23004830527555573
2020-09-17 10:03:42;service-dd567912-7f5b-11eb-96e9-d8cb8af1e959;group1;eu;0.17445698883740457
2020-09-17 10:03:42;service-dd567914-7f5b-11eb-a440-d8cb8af1e959;group1;eu;0.16076535872715608
2020-09-17 10:04:12;service-dd56521f-7f5b-11eb-a1dc-d8cb8af1e959;group1;eu;0.32274747299303785
2020-09-17 10:04:12;service-dd565220-7f5b-11eb-b6c4-d8cb8af1e959;group1;eu;0.43580278744805434
2020-09-17 10:04:12;service-dd565222-7f5b-11eb-8845-d8cb8af1e959;group1;eu;0.1576222169679812
2020-09-17 10:04:12;service-dd565223-7f5b-11eb-be29-d8cb8af1e959;group1;eu;0.17066918362004377
2020-09-17 10:04:12;service-dd565224-7f5b-11eb-87c1-d8cb8af1e959;group1;eu;0.15112216843026993
2020-09-17 10:04:12;service-dd567913-7f5b-11eb-a90f-d8cb8af1e959;group1;eu;0.33221999899541477
2020-09-17 10:04:12;service-dd565221-7f5b-11eb-9319-d8cb8af1e959;group1;eu;0.25578326766737863
2020-09-17 10:04:12;service-dd567915-7f5b-11eb-b17a-d8cb8af1e959;group1;eu;0.3014640225186647
2020-09-17 10:04:12;service-dd567912-7f5b-11eb-96e9-d8cb8af1e959;group1;eu;0.23491311301824236
2020-09-17 10:04:12;service-dd567914-7f5b-11eb-a440-d8cb8af1e959;group1;eu;0.24793917629699544
2020-09-17 10:04:42;service-dd56521f-7f5b-11eb-a1dc-d8cb8af1e959;group1;eu;0.39891536123777244
2020-09-17 10:04:42;service-dd565220-7f5b-11eb-b6c4-d8cb8af1e959;group1;eu;0.4668314903694023
2020-09-17 10:04:42;service-dd565222-7f5b-11eb-8845-d8cb8af1e959;group1;eu;0.20701841076541758
2020-09-17 10:04:42;service-dd565223-7f5b-11eb-be29-d8cb8af1e959;group1;eu;0.2302400997363166
2020-09-17 10:04:42;service-dd565224-7f5b-11eb-87c1-d8cb8af1e959;group1;eu;0.1757862541533211
2020-09-17 10:04:42;service-dd567913-7f5b-11eb-a90f-d8cb8af1e959;group1;eu;0.3579881899395383
2020-09-17 10:04:42;service-dd565221-7f5b-11eb-9319-d8cb8af1e959;group1;eu;0.33242809767060166
2020-09-17 10:04:42;service-dd567915-7f5b-11eb-b17a-d8cb8af1e959;group1;eu;0.3176223720532447
2020-09-17 10:04:42;service-dd567912-7f5b-11eb-96e9-d8cb8af1e959;group1;eu;0.23981028590326095
2020-09-17 10:04:42;service-dd567914-7f5b-11eb-a440-d8cb8af1e959;group1;eu;0.27346863300001173
2020-09-17 10:05:12;service-dd56521f-7f5b-11eb-a1dc-d8cb8af1e959;group1;eu;0.4340649189455192
2020-09-17 10:05:12;service-dd565220-7f5b-11eb-b6c4-d8cb8af1e959;group1;eu;0.4892838944348581
2020-09-17 10:05:12;service-dd565222-7f5b-11eb-8845-d8cb8af1e959;group1;eu;0.24007157209915916
2020-09-17 10:05:12;service-dd565223-7f5b-11eb-be29-d8cb8af1e959;group1;eu;0.27113803905753936
2020-09-17 10:05:12;service-dd565224-7f5b-11eb-87c1-d8cb8af1e959;group1;eu;0.21047523701722876
2020-09-17 10:05:12;service-dd567913-7f5b-11eb-a90f-d8cb8af1e959;group1;eu;0.3590660291482495
2020-09-17 10:05:12;service-dd565221-7f5b-11eb-9319-d8cb8af1e959;group1;eu;0.38168910102073816
2020-09-17 10:05:12;service-dd567915-7f5b-11eb-b17a-d8cb8af1e959;group1;eu;0.3181089873047032
2020-09-17 10:05:12;service-dd567912-7f5b-11eb-96e9-d8cb8af1e959;group1;eu;0.23042662153942622
2020-09-17 10:05:12;service-dd567914-7f5b-11eb-a440-d8cb8af1e959;group1;eu;0.25984992632351767
2020-09-17 10:05:42;service-dd56521f-7f5b-11eb-a1dc-d8cb8af1e959;group1;eu;0.3922346612039131
2020-09-17 10:05:42;service-dd565220-7f5b-11eb-b6c4-d8cb8af1e959;group1;eu;0.43603676951122144
2020-09-17 10:05:42;service-dd565222-7f5b-11eb-8845-d8cb8af1e959;group1;eu;0.14894299571042738
2020-09-17 10:05:42;service-dd565223-7f5b-11eb-be29-d8cb8af1e959;group1;eu;0.21305612741670577
2020-09-17 10:05:42;service-dd565224-7f5b-11eb-87c1-d8cb8af1e959;group1;eu;0.16271360811925242
2020-09-17 10:05:42;service-dd567913-7f5b-11eb-a90f-d8cb8af1e959;group1;eu;0.2901673707839536
2020-09-17 10:05:42;service-dd565221-7f5b-11eb-9319-d8cb8af1e959;group1;eu;0.3408250396492284
2020-09-17 10:05:42;service-dd567915-7f5b-11eb-b17a-d8cb8af1e959;group1;eu;0.23768530638605684
2020-09-17 10:05:42;service-dd567912-7f5b-11eb-96e9-d8cb8af1e959;group1;eu;0.14115540871494803
2020-09-17 10:05:42;service-dd567914-7f5b-11eb-a440-d8cb8af1e959;group1;eu;0.14055945356389318
2020-09-17 10:01:54;service-dd56521f-7f5b-11eb-a1dc-d8cb8af1e959;group1;eu;0.23258094284837755
2020-09-17 10:01:54;service-dd565220-7f5b-11eb-b6c4-d8cb8af1e959;group1;eu;0.22791988292591336
2020-09-17 10:01:54;service-dd565222-7f5b-11eb-8845-d8cb8af1e959;group1;eu;0.07381189360627048
2020-09-17 10:01:54;service-dd565223-7f5b-11eb-be29-d8cb8af1e959;group1;eu;0.09598661732537989
2020-09-17 10:01:54;service-dd565224-7f5b-11eb-87c1-d8cb8af1e959;group1;eu;0.10472302119754816
2020-09-17 10:01:54;service-dd567913-7f5b-11eb-a90f-d8cb8af1e959;group1;eu;0.1448315670156857
2020-09-17 10:01:54;service-dd565221-7f5b-11eb-9319-d8cb8af1e959;group1;eu;0.06279204937006315
2020-09-17 10:01:54;service-dd567915-7f5b-11eb-b17a-d8cb8af1e959;group1;eu;0.18257820226107674
2020-09-17 10:01:54;service-dd567912-7f5b-11eb-96e9-d8cb8af1e959;group1;eu;0.07450896943148072
2020-09-17 10:01:54;service-dd567914-7f5b-11eb-a440-d8cb8af1e959;group1;eu;0.10627597401756228
2020-09-17 10:02:24;service-dd56521f-7f5b-11eb-a1dc-d8cb8af1e959;group1;eu;0.15271718765905357
2020-09-17 10:02:24;service-dd565220-7f5b-11eb-b6c4-d8cb8af1e959;group1;eu;0.09909337639925174
2020-09-17 10:02:24;service-dd565222-7f5b-11eb-8845-d8cb8af1e959;group1;eu;0.08712523216960257
2020-09-17 10:02:24;service-dd565223-7f5b-11eb-be29-d8cb8af1e959;group1;eu;0.08363496803748666
2020-09-17 10:02:24;service-dd565224-7f5b-11eb-87c1-d8cb8af1e959;group1;eu;0.16598172164424677
2020-09-17 10:02:24;service-dd567913-7f5b-11eb-a90f-d8cb8af1e959;group1;eu;0.16238018280230657
2020-09-17 10:02:24;service-dd565221-7f5b-11eb-9319-d8cb8af1e959;group1;eu;0.06483422428736854
2020-09-17 10:02:24;service-dd567915-7f5b-11eb-b17a-d8cb8af1e959;group1;eu;0.24613692573400991
2020-09-17 10:02:24;service-dd567912-7f5b-11eb-96e9-d8cb8af1e959;group1;eu;0.16214794224760415
2020-09-17 10:02:24;service-dd567914-7f5b-11eb-a440-d8cb8af1e959;group1;eu;0.10186829981117392
2020-09-17 10:02:54;service-dd56521f-7f5b-11eb-a1dc-d8cb8af1e959;group1;eu;0.12595254111297263
2020-09-17 10:02:54;service-dd565220-7f5b-11eb-b6c4-d8cb8af1e959;group1;eu;0.16888357102227947
2020-09-17 10:02:54;service-dd565222-7f5b-11eb-8845-d8cb8af1e959;group1;eu;0.30490151189918235
2020-09-17 10:02:54;service-dd565223-7f5b-11eb-be29-d8cb8af1e959;group1;eu;0.16505740293608215
2020-09-17 10:02:54;service-dd565224-7f5b-11eb-87c1-d8cb8af1e959;group1;eu;0.38485096776199745
2020-09-17 10:02:54;service-dd567913-7f5b-11eb-a90f-d8cb8af1e959;group1;eu;0.04400399314841553
2020-09-17 10:02:54;service-dd565221-7f5b-11eb-9319-d8cb8af1e959;group1;eu;0.11947946195530572
2020-09-17 10:02:54;service-dd567915-7f5b-11eb-b17a-d8cb8af1e959;group1;eu;0.06305168591467937
2020-09-17 10:02:54;service-dd567912-7f5b-11eb-96e9-d8cb8af1e959;group1;eu;0.3909941848176426
2020-09-17 10:02:54;service-dd567914-7f5b-11eb-a440-d8cb8af1e959;group1;eu;0.14169666178980395
2020-09-17 10:03:24;service-dd56521f-7f5b-11eb-a1dc-d8cb8af1e959;group1;eu;0.17520849981453435
2020-09-17 10:03:24;service-dd565220-7f5b-11eb-b6c4-d8cb8af1e959;group1;eu;0.24425750855849357
2020-09-17 10:03:24;service-dd565222-7f5b-11eb-8845-d8cb8af1e959;group1;eu;0.3179698094354174
2020-09-17 10:03:24;service-dd565223-7f5b-11eb-be29-d8cb8af1e959;group1;eu;0.21661860804099986
2020-09-17 10:03:24;service-dd565224-7f5b-11eb-87c1-d8cb8af1e959;group1;eu;0.40087030473242524
2020-09-17 10:03:24;service-dd567913-7f5b-11eb-a90f-d8cb8af1e959;group1;eu;0.11704054463381523
2020-09-17 10:03:24;service-dd565221-7f5b-11eb-9319-d8cb8af1e959;group1;eu;0.1550626772740989
2020-09-17 10:03:24;service-dd567915-7f5b-11eb-b17a-d8cb8af1e959;group1;eu;0.04917564287710513
2020-09-17 10:03:24;service-dd567912-7f5b-11eb-96e9-d8cb8af1e959;group1;eu;0.4736542186886631
2020-09-17 10:03:24;service-dd567914-7f5b-11eb-a440-d8cb8af1e959;group1;eu;0.18598490727100386
2020-09-17 10:03:54;service-dd56521f-7f5b-11eb-a1dc-d8cb8af1e959;group1;eu;0.12008319994012424
2020-09-17 10:03:54;service-dd565220-7f5b-11eb-b6c4-d8cb8af1e959;group1;eu;0.26828195429077045
2020-09-17 10:03:54;service-dd565222-7f5b-11eb-8845-d8cb8af1e959;group1;eu;0.22268702349692782
2020-09-17 10:03:54;service-dd565223-7f5b-11eb-be29-d8cb8af1e959;group1;eu;0.14730109143387657
2020-09-17 10:03:54;service-dd565224-7f5b-11eb-87c1-d8cb8af1e959;group1;eu;0.3461729566120811
2020-09-17 10:03:54;service-dd567913-7f5b-11eb-a90f-d8cb8af1e959;group1;eu;0.06481519232185044
2020-09-17 10:03:54;service-dd565221-7f5b-11eb-9319-d8cb8af1e959;group1;eu;0.10904637956717898
2020-09-17 10:03:54;service-dd567915-7f5b-11eb-b17a-d8cb8af1e959;group1;eu;0.10417898633803405
2020-09-17 10:03:54;service-dd567912-7f5b-11eb-96e9-d8cb8af1e959;group1;eu;0.44708789458712755
2020-09-17 10:03:54;service-dd567914-7f5b-11eb-a440-d8cb8af1e959;group1;eu;0.1756663318584708
2020-09-17 10:04:24;service-dd56521f-7f5b-11eb-a1dc-d8cb8af1e959;group1;eu;0.0747501050066481
2020-09-17 10:04:24;service-dd565220-7f5b-11eb-b6c4-d8cb8af1e959;group1;eu;0.24142227002909458
2020-09-17 10:04:24;service-dd565222-7f5b-11eb-8845-d8cb8af1e959;group1;eu;0.13660638949309256
2020-09-17 10:04:24;service-dd565223-7f5b-11eb-be29-d8cb8af1e959;group1;eu;0.09316487694492646
2020-09-17 10:04:24;service-dd565224-7f5b-11eb-87c1-d8cb8af1e959;group1;eu;0.2926046352767515
2020-09-17 10:04:24;service-dd567913-7f5b-11eb-a90f-d8cb8af1e959;group1;eu;0.04479755194555666
2020-09-17 10:04:24;service-dd565221-7f5b-11eb-9319-d8cb8af1e959;group1;eu;0.11258580414611113
2020-09-17 10:04:24;service-dd567915-7f5b-11eb-b17a-d8cb8af1e959;group1;eu;0.13239050723920745
2020-09-17 10:04:24;service-dd567912-7f5b-11eb-96e9-d8cb8af1e959;group1;eu;0.42631042586811896
2020-09-17 10:04:24;service-dd567914-7f5b-11eb-a440-d8cb8af1e959;group1;eu;0.1521674563971456
2020-09-17 10:04:54;service-dd56521f-7f5b-11eb-a1dc-d8cb8af1e959;group1;eu;0.026554290433120395
2020-09-17 10:04:54;service-dd565220-7f5b-11eb-b6c4-d8cb8af1e959;group1;eu;0.17552943735048496
2020-09-17 10:04:54;service-dd565222-7f5b-11eb-8845-d8cb8af1e959;group1;eu;0.06668013447624556
2020-09-17 10:04:54;service-dd565223-7f5b-11eb-be29-d8cb8af1e959;group1;eu;0.044666406511128146
2020-09-17 10:04:54;service-dd565224-7f5b-11eb-87c1-d8cb8af1e959;group1;eu;0.20981586295251622
2020-09-17 10:04:54;service-dd567913-7f5b-11eb-a90f-d8cb8af1e959;group1;eu;0.03351061410997004
2020-09-17 10:04:54;service-dd565221-7f5b-11eb-9319-d8cb8af1e959;group1;eu;0.1273568264038135
2020-09-17 10:04:54;service-dd567915-7f5b-11eb-b17a-d8cb8af1e959;group1;eu;0.12365427959743719
2020-09-17 10:04:54;service-dd567912-7f5b-11eb-96e9-d8cb8af1e959;group1;eu;0.3603937274820164
2020-09-17 10:04:54;service-dd567914-7f5b-11eb-a440-d8cb8af1e959;group1;eu;0.1300477869005358
2020-09-17 10:05:24;service-dd56521f-7f5b-11eb-a1dc-d8cb8af1e959;group1;eu;0.03627898451544801
2020-09-17 10:05:24;service-dd565220-7f5b-11eb-b6c4-d8cb8af1e959;group1;eu;0.1950228307454941
2020-09-17 10:05:24;service-dd565222-7f5b-11eb-8845-d8cb8af1e959;group1;eu;0.03485058575848263
2020-09-17 10:05:24;service-dd565223-7f5b-11eb-be29-d8cb8af1e959;group1;eu;0.05363893731522673
2020-09-17 10:05:24;service-dd565224-7f5b-11eb-87c1-d8cb8af1e959;group1;eu;0.17616984837196814
2020-09-17 10:05:24;service-dd567913-7f5b-11eb-a90f-d8cb8af1e959;group1;eu;0.0617166929973166
2020-09-17 10:05:24;service-dd565221-7f5b-11eb-9319-d8cb8af1e959;group1;eu;0.1752400302016056
2020-09-17 10:05:24;service-dd567915-7f5b-11eb-b17a-d8cb8af1e959;group1;eu;0.04809311049389573
2020-09-17 10:05:24;service-dd567912-7f5b-11eb-96e9-d8cb8af1e959;group1;eu;0.29454597891310536
2020-09-17 10:05:24;service-dd567914-7f5b-11eb-a440-d8cb8af1e959;group1;eu;0.15399374560021306
2020-09-17 10:05:54;service-dd56521f-7f5b-11eb-a1dc-d8cb8af1e959;group1;eu;0.0800338743585037
2020-09-17 10:05:54;service-dd565220-7f5b-11eb-b6c4-d8cb8af1e959;group1;eu;0.2526680372366984
2020-09-17 10:05:54;service-dd565222-7f5b-11eb-8845-d8cb8af1e959;group1;eu;0.07719213813312657
2020-09-17 10:05:54;service-dd565223-7f5b-11eb-be29-d8cb8af1e959;group1;eu;0.08673020403796787
2020-09-17 10:05:54;service-dd565224-7f5b-11eb-87c1-d8cb8af1e959;group1;eu;0.20826222273891115
2020-09-17 10:05:54;service-dd567913-7f5b-11eb-a90f-d8cb8af1e959;group1;eu;0.11913522998109312
2020-09-17 10:05:54;service-dd565221-7f5b-11eb-9319-d8cb8af1e959;group1;eu;0.25362526579810674
2020-09-17 10:05:54;service-dd567915-7f5b-11eb-b17a-d8cb8af1e959;group1;eu;0.0996223208033553
2020-09-17 10:05:54;service-dd567912-7f5b-11eb-96e9-d8cb8af1e959;group1;eu;0.23844394858474063
2020-09-17 10:05:54;service-dd567914-7f5b-11eb-a440-d8cb8af1e959;group1;eu;0.23730309925636808
