2020-09-17 10:01:36;service-1d1bdea9-7f3b-11eb-abf0-d8cb8af1e959;group1;eu;1.0798151101062337
2020-09-17 10:01:36;service-1d1bdeaa-7f3b-11eb-8cbf-d8cb8af1e959;group1;eu;0.8904600837905382
2020-09-17 10:01:36;service-1d1bdead-7f3b-11eb-8c6e-d8cb8af1e959;group1;eu;0.9702302493066821
2020-09-17 10:01:36;service-1d1bdeae-7f3b-11eb-bf1c-d8cb8af1e959;group1;eu;1.061977394675326
2020-09-17 10:01:36;service-1d1bdeaf-7f3b-11eb-bbf6-d8cb8af1e959;group1;eu;0.9841045744474017
2020-09-17 10:01:36;service-1d1bdeb0-7f3b-11eb-9a4a-d8cb8af1e959;group1;eu;1.2675571712078753
2020-09-17 10:01:36;service-1d1c0586-7f3b-11eb-bb38-d8cb8af1e959;group1;eu;0.6976050819550805
2020-09-17 10:01:36;service-1d1bdeab-7f3b-11eb-8bce-d8cb8af1e959;group1;eu;0.8053027505922009
2020-09-17 10:01:36;service-1d1bdeb1-7f3b-11eb-a6d0-d8cb8af1e959;group1;eu;0.8596848732558017
2020-09-17 10:01:36;service-1d1bdeac-7f3b-11eb-95d1-d8cb8af1e959;group1;eu;1.3582075776499671
2020-09-17 10:02:06;service-1d1bdea9-7f3b-11eb-abf0-d8cb8af1e959;group1;eu;0.9015034035735668
2020-09-17 10:02:06;service-1d1bdeaa-7f3b-11eb-8cbf-d8cb8af1e959;group1;eu;0.588267432701804
2020-09-17 10:02:06;service-1d1bdead-7f3b-11eb-8c6e-d8cb8af1e959;group1;eu;0.8565212388255736
2020-09-17 10:02:06;service-1d1bdeae-7f3b-11eb-bf1c-d8cb8af1e959;group1;eu;0.9964181997900737
2020-09-17 10:02:06;service-1d1bdeaf-7f3b-11eb-bbf6-d8cb8af1e959;group1;eu;0.8149177562245724
2020-09-17 10:02:06;service-1d1bdeb0-7f3b-11eb-9a4a-d8cb8af1e959;group1;eu;1.329817531857489
2020-09-17 10:02:06;service-1d1c0586-7f3b-11eb-bb38-d8cb8af1e959;group1;eu;0.380377351251137
2020-09-17 10:02:06;service-1d1bdeab-7f3b-11eb-8bce-d8cb8af1e959;group1;eu;0.5626669919460722
2020-09-17 10:02:06;service-1d1bdeb1-7f3b-11eb-a6d0-d8cb8af1e959;group1;eu;0.6426196273845671
2020-09-17 10:02:06;service-1d1bdeac-7f3b-11eb-95d1-d8cb8af1e959;group1;eu;1.3661283830353022
2020-09-17 10:02:36;service-1d1bdea9-7f3b-11eb-abf0-d8cb8af1e959;group1;eu;0.6319818582840997
2020-09-17 10:02:36;service-1d1bdeaa-7f3b-11eb-8cbf-d8cb8af1e959;group1;eu;0.26811730109650145
2020-09-17 10:02:36;service-1d1bdead-7f3b-11eb-8c6e-d8cb8af1e959;group1;eu;0.7198513807619306
2020-09-17 10:02:36;service-1d1bdeae-7f3b-11eb-bf1c-d8cb8af1e959;group1;eu;0.8725097450006897
2020-09-17 10:02:36;service-1d1bdeaf-7f3b-11eb-bbf6-d8cb8af1e959;group1;eu;0.5972864671500474
2020-09-17 10:02:36;service-1d1bdeb0-7f3b-11eb-9a4a-d8cb8af1e959;group1;eu;1.2641686041255134
2020-09-17 10:02:36;service-1d1c0586-7f3b-11eb-bb38-d8cb8af1e959;group1;eu;0.1460357509911229
2020-09-17 10:02:36;service-1d1bdeab-7f3b-11eb-8bce-d8cb8af1e959;group1;eu;0.35567196520082395
2020-09-17 10:02:36;service-1d1bdeb1-7f3b-11eb-a6d0-d8cb8af1e959;group1;eu;0.4325454389997969
2020-09-17 10:02:36;service-1d1bdeac-7f3b-11eb-95d1-d8cb8af1e959;group1;eu;1.1952428440994372
2020-09-17 10:03:06;service-1d1bdea9-7f3b-11eb-abf0-d8cb8af1e959;group1;eu;0.33779561200791963
2020-09-17 10:03:06;service-1d1bdeaa-7f3b-11eb-8cbf-d8cb8af1e959;group1;eu;0.09600196707177602
2020-09-17 10:03:06;service-1d1bdead-7f3b-11eb-8c6e-d8cb8af1e959;group1;eu;0.5370047601828158
2020-09-17 10:03:06;service-1d1bdeae-7f3b-11eb-bf1c-d8cb8af1e959;group1;eu;0.718869112915219
2020-09-17 10:03:06;service-1d1bdeaf-7f3b-11eb-bbf6-d8cb8af1e959;group1;eu;0.32238018849822203
2020-09-17 10:03:06;service-1d1bdeb0-7f3b-11eb-9a4a-d8cb8af1e959;group1;eu;1.1669657955437076
2020-09-17 10:03:06;service-1d1c0586-7f3b-11eb-bb38-d8cb8af1e959;group1;eu;0.09145110614076375
2020-09-17 10:03:06;service-1d1bdeab-7f3b-11eb-8bce-d8cb8af1e959;group1;eu;0.09871753199447585
2020-09-17 10:03:06;service-1d1bdeb1-7f3b-11eb-a6d0-d8cb8af1e959;group1;eu;0.16407319243614527
2020-09-17 10:03:06;service-1d1bdeac-7f3b-11eb-95d1-d8cb8af1e959;group1;eu;0.9534908489584897
2020-09-17 10:03:36;service-1d1bdea9-7f3b-11eb-abf0-d8cb8af1e959;group1;eu;0.10949786271771349
2020-09-17 10:03:36;service-1d1bdeaa-7f3b-11eb-8cbf-d8cb8af1e959;group1;eu;0.294132292599867
2020-09-17 10:03:36;service-1d1bdead-7f3b-11eb-8c6e-d8cb8af1e959;group1;eu;0.26754824149240536
2020-09-17 10:03:36;service-1d1bdeae-7f3b-11eb-bf1c-d8cb8af1e959;group1;eu;0.48697075433051823
2020-09-17 10:03:36;service-1d1bdeaf-7f3b-11eb-bbf6-d8cb8af1e959;group1;eu;0.06890613099330464
2020-09-17 10:03:36;service-1d1bdeb0-7f3b-11eb-9a4a-d8cb8af1e959;group1;eu;1.0312473605842176
2020-09-17 10:03:36;service-1d1c0586-7f3b-11eb-bb38-d8cb8af1e959;group1;eu;0.2729638948190608
2020-09-17 10:03:36;service-1d1bdeab-7f3b-11eb-8bce-d8cb8af1e959;group1;eu;0.1771951461597416
2020-09-17 10:03:36;service-1d1bdeb1-7f3b-11eb-a6d0-d8cb8af1e959;group1;eu;0.10943877284310699
2020-09-17 10:03:36;service-1d1bdeac-7f3b-11eb-95d1-d8cb8af1e959;group1;eu;0.5951783269050884
2020-09-17 10:04:06;service-1d1bdea9-7f3b-11eb-abf0-d8cb8af1e959;group1;eu;0.2917354217484871
2020-09-17 10:04:06;service-1d1bdeaa-7f3b-11eb-8cbf-d8cb8af1e959;group1;eu;0.3702530920132152
2020-09-17 10:04:06;service-1d1bdead-7f3b-11eb-8c6e-d8cb8af1e959;group1;eu;0.013911914187224279
2020-09-17 10:04:06;service-1d1bdeae-7f3b-11eb-bf1c-d8cb8af1e959;group1;eu;0.2947066400398168
2020-09-17 10:04:06;service-1d1bdeaf-7f3b-11eb-bbf6-d8cb8af1e959;group1;eu;0.3350776325367273
2020-09-17 10:04:06;service-1d1bdeb0-7f3b-11eb-9a4a-d8cb8af1e959;group1;eu;0.8371864914799756
2020-09-17 10:04:06;service-1d1c0586-7f3b-11eb-bb38-d8cb8af1e959;group1;eu;0.34346564753266406
2020-09-17 10:04:06;service-1d1bdeab-7f3b-11eb-8bce-d8cb8af1e959;group1;eu;0.2817631171176897
2020-09-17 10:04:06;service-1d1bdeb1-7f3b-11eb-a6d0-d8cb8af1e959;group1;eu;0.261805242802441
2020-09-17 10:04:06;service-1d1bdeac-7f3b-11eb-95d1-d8cb8af1e959;group1;eu;0.14548112201350055
2020-09-17 10:04:36;service-1d1bdea9-7f3b-11eb-abf0-d8cb8af1e959;group1;eu;0.32902103861101695
2020-09-17 10:04:36;service-1d1bdeaa-7f3b-11eb-8cbf-d8cb8af1e959;group1;eu;0.34750128670157504
2020-09-17 10:04:36;service-1d1bdead-7f3b-11eb-8c6e-d8cb8af1e959;group1;eu;0.1461820476327661
2020-09-17 10:04:36;service-1d1bdeae-7f3b-11eb-bf1c-d8cb8af1e959;group1;eu;0.18680597342947067
2020-09-17 10:04:36;service-1d1bdeaf-7f3b-11eb-bbf6-d8cb8af1e959;group1;eu;0.3504214527342017
2020-09-17 10:04:36;service-1d1bdeb0-7f3b-11eb-9a4a-d8cb8af1e959;group1;eu;0.6305121165565277
2020-09-17 10:04:36;service-1d1c0586-7f3b-11eb-bb38-d8cb8af1e959;group1;eu;0.30079946997360907
2020-09-17 10:04:36;service-1d1bdeab-7f3b-11eb-8bce-d8cb8af1e959;group1;eu;0.24258370916448896
2020-09-17 10:04:36;service-1d1bdeb1-7f3b-11eb-a6d0-d8cb8af1e959;group1;eu;0.24075263848089493
2020-09-17 10:04:36;service-1d1bdeac-7f3b-11eb-95d1-d8cb8af1e959;group1;eu;0.04641491927363871
2020-09-17 10:05:06;service-1d1bdea9-7f3b-11eb-abf0-d8cb8af1e959;group1;eu;0.41121773795342387
2020-09-17 10:05:06;service-1d1bdeaa-7f3b-11eb-8cbf-d8cb8af1e959;group1;eu;0.3528154237666525
2020-09-17 10:05:06;service-1d1bdead-7f3b-11eb-8c6e-d8cb8af1e959;group1;eu;0.28744580567177785
2020-09-17 10:05:06;service-1d1bdeae-7f3b-11eb-bf1c-d8cb8af1e959;group1;eu;0.027771045960431784
2020-09-17 10:05:06;service-1d1bdeaf-7f3b-11eb-bbf6-d8cb8af1e959;group1;eu;0.36583791607886995
2020-09-17 10:05:06;service-1d1bdeb0-7f3b-11eb-9a4a-d8cb8af1e959;group1;eu;0.35951194738444037
2020-09-17 10:05:06;service-1d1c0586-7f3b-11eb-bb38-d8cb8af1e959;group1;eu;0.31091584878473705
2020-09-17 10:05:06;service-1d1bdeab-7f3b-11eb-8bce-d8cb8af1e959;group1;eu;0.278654023069485
2020-09-17 10:05:06;service-1d1bdeb1-7f3b-11eb-a6d0-d8cb8af1e959;group1;eu;0.27046714327594895
2020-09-17 10:05:06;service-1d1bdeac-7f3b-11eb-95d1-d8cb8af1e959;group1;eu;0.18043543101959272
2020-09-17 10:05:36;service-1d1bdea9-7f3b-11eb-abf0-d8cb8af1e959;group1;eu;0.375549732709965
2020-09-17 10:05:36;service-1d1bdeaa-7f3b-11eb-8cbf-d8cb8af1e959;group1;eu;0.21901995571007335
2020-09-17 10:05:36;service-1d1bdead-7f3b-11eb-8c6e-d8cb8af1e959;group1;eu;0.30079246690973793
2020-09-17 10:05:36;service-1d1bdeae-7f3b-11eb-bf1c-d8cb8af1e959;group1;eu;0.062225667126987
2020-09-17 10:05:36;service-1d1bdeaf-7f3b-11eb-bbf6-d8cb8af1e959;group1;eu;0.3037809082548694
2020-09-17 10:05:36;service-1d1bdeb0-7f3b-11eb-9a4a-d8cb8af1e959;group1;eu;0.1593083153119029
2020-09-17 10:05:36;service-1d1c0586-7f3b-11eb-bb38-d8cb8af1e959;group1;eu;0.2022298981921396
2020-09-17 10:05:36;service-1d1bdeab-7f3b-11eb-8bce-d8cb8af1e959;group1;eu;0.1937918548573028
2020-09-17 10:05:36;service-1d1bdeb1-7f3b-11eb-a6d0-d8cb8af1e959;group1;eu;0.17781545786858646
2020-09-17 10:05:36;service-1d1bdeac-7f3b-11eb-95d1-d8cb8af1e959;group1;eu;0.16381507185398086
2020-09-17 10:01:30;service-1d1bdea9-7f3b-11eb-abf0-d8cb8af1e959;group1;eu;0.3172607591048304
2020-09-17 10:01:30;service-1d1bdeaa-7f3b-11eb-8cbf-d8cb8af1e959;group1;eu;0.4381094398498151
2020-09-17 10:01:30;service-1d1bdead-7f3b-11eb-8c6e-d8cb8af1e959;group1;eu;0.4628890335476507
2020-09-17 10:01:30;service-1d1bdeae-7f3b-11eb-bf1c-d8cb8af1e959;group1;eu;0.6232397656547097
2020-09-17 10:01:30;service-1d1bdeaf-7f3b-11eb-bbf6-d8cb8af1e959;group1;eu;0.4139898972706779
2020-09-17 10:01:30;service-1d1bdeb0-7f3b-11eb-9a4a-d8cb8af1e959;group1;eu;0.648008271192218
2020-09-17 10:01:30;service-1d1c0586-7f3b-11eb-bb38-d8cb8af1e959;group1;eu;0.5026075223069808
2020-09-17 10:01:30;service-1d1bdeab-7f3b-11eb-8bce-d8cb8af1e959;group1;eu;0.5159990951527169
2020-09-17 10:01:30;service-1d1bdeb1-7f3b-11eb-a6d0-d8cb8af1e959;group1;eu;0.5185561820792302
2020-09-17 10:01:30;service-1d1bdeac-7f3b-11eb-95d1-d8cb8af1e959;group1;eu;0.46950368868717873
2020-09-17 10:02:00;service-1d1bdea9-7f3b-11eb-abf0-d8cb8af1e959;group1;eu;0.2531787107156038
2020-09-17 10:02:00;service-1d1bdeaa-7f3b-11eb-8cbf-d8cb8af1e959;group1;eu;0.15033248693463247
2020-09-17 10:02:00;service-1d1bdead-7f3b-11eb-8c6e-d8cb8af1e959;group1;eu;0.212253103279656
2020-09-17 10:02:00;service-1d1bdeae-7f3b-11eb-bf1c-d8cb8af1e959;group1;eu;0.05351225938928109
2020-09-17 10:02:00;service-1d1bdeaf-7f3b-11eb-bbf6-d8cb8af1e959;group1;eu;0.2833365360011123
2020-09-17 10:02:00;service-1d1bdeb0-7f3b-11eb-9a4a-d8cb8af1e959;group1;eu;0.09678869453057556
2020-09-17 10:02:00;service-1d1c0586-7f3b-11eb-bb38-d8cb8af1e959;group1;eu;0.17064748180553183
2020-09-17 10:02:00;service-1d1bdeab-7f3b-11eb-8bce-d8cb8af1e959;group1;eu;0.02964388796564837
2020-09-17 10:02:00;service-1d1bdeb1-7f3b-11eb-a6d0-d8cb8af1e959;group1;eu;0.15160063148272485
2020-09-17 10:02:00;service-1d1bdeac-7f3b-11eb-95d1-d8cb8af1e959;group1;eu;0.29760376466766986
2020-09-17 10:02:30;service-1d1bdea9-7f3b-11eb-abf0-d8cb8af1e959;group1;eu;0.48454243639623634
2020-09-17 10:02:30;service-1d1bdeaa-7f3b-11eb-8cbf-d8cb8af1e959;group1;eu;0.2501793835954953
2020-09-17 10:02:30;service-1d1bdead-7f3b-11eb-8c6e-d8cb8af1e959;group1;eu;0.37462433343336937
2020-09-17 10:02:30;service-1d1bdeae-7f3b-11eb-bf1c-d8cb8af1e959;group1;eu;0.21152462328735752
2020-09-17 10:02:30;service-1d1bdeaf-7f3b-11eb-bbf6-d8cb8af1e959;group1;eu;0.4195939397715961
2020-09-17 10:02:30;service-1d1bdeb0-7f3b-11eb-9a4a-d8cb8af1e959;group1;eu;0.17765467250433878
2020-09-17 10:02:30;service-1d1c0586-7f3b-11eb-bb38-d8cb8af1e959;group1;eu;0.4083248726419825
2020-09-17 10:02:30;service-1d1bdeab-7f3b-11eb-8bce-d8cb8af1e959;group1;eu;0.19722667645285108
2020-09-17 10:02:30;service-1d1bdeb1-7f3b-11eb-a6d0-d8cb8af1e959;group1;eu;0.400880497561277
2020-09-17 10:02:30;service-1d1bdeac-7f3b-11eb-95d1-d8cb8af1e959;group1;eu;0.41868125450503657
2020-09-17 10:03:00;service-1d1bdea9-7f3b-11eb-abf0-d8cb8af1e959;group1;eu;0.3296719077724658
2020-09-17 10:03:00;service-1d1bdeaa-7f3b-11eb-8cbf-d8cb8af1e959;group1;eu;0.1001334269150708
2020-09-17 10:03:00;service-1d1bdead-7f3b-11eb-8c6e-d8cb8af1e959;group1;eu;0.1815314821877233
2020-09-17 10:03:00;service-1d1bdeae-7f3b-11eb-bf1c-d8cb8af1e959;group1;eu;0.008633374980796499
2020-09-17 10:03:00;service-1d1bdeaf-7f3b-11eb-bbf6-d8cb8af1e959;group1;eu;0.18243110687606934
2020-09-17 10:03:00;service-1d1bdeb0-7f3b-11eb-9a4a-d8cb8af1e959;group1;eu;0.07147877755321828
2020-09-17 10:03:00;service-1d1c0586-7f3b-11eb-bb38-d8cb8af1e959;group1;eu;0.2681484935641245
2020-09-17 10:03:00;service-1d1bdeab-7f3b-11eb-8bce-d8cb8af1e959;group1;eu;0.04601679212706918
2020-09-17 10:03:00;service-1d1bdeb1-7f3b-11eb-a6d0-d8cb8af1e959;group1;eu;0.21867088309806434
2020-09-17 10:03:00;service-1d1bdeac-7f3b-11eb-95d1-d8cb8af1e959;group1;eu;0.12833761602921948
2020-09-17 10:03:30;service-1d1bdea9-7f3b-11eb-abf0-d8cb8af1e959;group1;eu;0.23364048960853293
2020-09-17 10:03:30;service-1d1bdeaa-7f3b-11eb-8cbf-d8cb8af1e959;group1;eu;0.35813018243207867
2020-09-17 10:03:30;service-1d1bdead-7f3b-11eb-8c6e-d8cb8af1e959;group1;eu;0.06557465751231724
2020-09-17 10:03:30;service-1d1bdeae-7f3b-11eb-bf1c-d8cb8af1e959;group1;eu;0.08547918119039377
2020-09-17 10:03:30;service-1d1bdeaf-7f3b-11eb-bbf6-d8cb8af1e959;group1;eu;0.025388422236076538
2020-09-17 10:03:30;service-1d1bdeb0-7f3b-11eb-9a4a-d8cb8af1e959;group1;eu;0.22434970434636292
2020-09-17 10:03:30;service-1d1c0586-7f3b-11eb-bb38-d8cb8af1e959;group1;eu;0.20655333186530006
2020-09-17 10:03:30;service-1d1bdeab-7f3b-11eb-8bce-d8cb8af1e959;group1;eu;0.1666335974700093
2020-09-17 10:03:30;service-1d1bdeb1-7f3b-11eb-a6d0-d8cb8af1e959;group1;eu;0.11136642874354784
2020-09-17 10:03:30;service-1d1bdeac-7f3b-11eb-95d1-d8cb8af1e959;group1;eu;0.17203877797866682
2020-09-17 10:04:00;service-1d1bdea9-7f3b-11eb-abf0-d8cb8af1e959;group1;eu;0.21886346302783594
2020-09-17 10:04:00;service-1d1bdeaa-7f3b-11eb-8cbf-d8cb8af1e959;group1;eu;0.4664369869020963
2020-09-17 10:04:00;service-1d1bdead-7f3b-11eb-8c6e-d8cb8af1e959;group1;eu;0.06404949478851493
2020-09-17 10:04:00;service-1d1bdeae-7f3b-11eb-bf1c-d8cb8af1e959;group1;eu;0.0008700105492922395
2020-09-17 10:04:00;service-1d1bdeaf-7f3b-11eb-bbf6-d8cb8af1e959;group1;eu;0.046148727837612015
2020-09-17 10:04:00;service-1d1bdeb0-7f3b-11eb-9a4a-d8cb8af1e959;group1;eu;0.25523089975834845
2020-09-17 10:04:00;service-1d1c0586-7f3b-11eb-bb38-d8cb8af1e959;group1;eu;0.26069189505157014
2020-09-17 10:04:00;service-1d1bdeab-7f3b-11eb-8bce-d8cb8af1e959;group1;eu;0.12854652409091963
2020-09-17 10:04:00;service-1d1bdeb1-7f3b-11eb-a6d0-d8cb8af1e959;group1;eu;0.12364691128761914
2020-09-17 10:04:00;service-1d1bdeac-7f3b-11eb-95d1-d8cb8af1e959;group1;eu;0.3102421479560346
2020-09-17 10:04:30;service-1d1bdea9-7f3b-11eb-abf0-d8cb8af1e959;group1;eu;0.09091514376740781
2020-09-17 10:04:30;service-1d1bdeaa-7f3b-11eb-8cbf-d8cb8af1e959;group1;eu;0.7005786291480527
2020-09-17 10:04:30;service-1d1bdead-7f3b-11eb-8c6e-d8cb8af1e959;group1;eu;0.2806049067510562
2020-09-17 10:04:30;service-1d1bdeae-7f3b-11eb-bf1c-d8cb8af1e959;group1;eu;0.2632128957908965
2020-09-17 10:04:30;service-1d1bdeaf-7f3b-11eb-bbf6-d8cb8af1e959;group1;eu;0.3989675334949401
2020-09-17 10:04:30;service-1d1bdeb0-7f3b-11eb-9a4a-d8cb8af1e959;group1;eu;0.47054613730585476
2020-09-17 10:04:30;service-1d1c0586-7f3b-11eb-bb38-d8cb8af1e959;group1;eu;0.029932629967994017
2020-09-17 10:04:30;service-1d1bdeab-7f3b-11eb-8bce-d8cb8af1e959;group1;eu;0.3515043084225077
2020-09-17 10:04:30;service-1d1bdeb1-7f3b-11eb-a6d0-d8cb8af1e959;group1;eu;0.21126439652153087
2020-09-17 10:04:30;service-1d1bdeac-7f3b-11eb-95d1-d8cb8af1e959;group1;eu;0.5771605883654891
2020-09-17 10:05:00;service-1d1bdea9-7f3b-11eb-abf0-d8cb8af1e959;group1;eu;0.24008289742138395
2020-09-17 10:05:00;service-1d1bdeaa-7f3b-11eb-8cbf-d8cb8af1e959;group1;eu;0.80321039565469
2020-09-17 10:05:00;service-1d1bdead-7f3b-11eb-8c6e-d8cb8af1e959;group1;eu;0.45507625835814675
2020-09-17 10:05:00;service-1d1bdeae-7f3b-11eb-bf1c-d8cb8af1e959;group1;eu;0.38683743628102024
2020-09-17 10:05:00;service-1d1bdeaf-7f3b-11eb-bbf6-d8cb8af1e959;group1;eu;0.5882374725460287
2020-09-17 10:05:00;service-1d1bdeb0-7f3b-11eb-9a4a-d8cb8af1e959;group1;eu;0.5592216111364189
2020-09-17 10:05:00;service-1d1c0586-7f3b-11eb-bb38-d8cb8af1e959;group1;eu;0.21416596798694396
2020-09-17 10:05:00;service-1d1bdeab-7f3b-11eb-8bce-d8cb8af1e959;group1;eu;0.4613950211432257
2020-09-17 10:05:00;service-1d1bdeb1-7f3b-11eb-a6d0-d8cb8af1e959;group1;eu;0.3847418094548197
2020-09-17 10:05:00;service-1d1bdeac-7f3b-11eb-95d1-d8cb8af1e959;group1;eu;0.678205532477046
2020-09-17 10:05:30;service-1d1bdea9-7f3b-11eb-abf0-d8cb8af1e959;group1;eu;0.2826291572377519
2020-09-17 10:05:30;service-1d1bdeaa-7f3b-11eb-8cbf-d8cb8af1e959;group1;eu;0.8093686446116825
2020-09-17 10:05:30;service-1d1bdead-7f3b-11eb-8c6e-d8cb8af1e959;group1;eu;0.5231656549009346
2020-09-17 10:05:30;service-1d1bdeae-7f3b-11eb-bf1c-d8cb8af1e959;group1;eu;0.42373363676319953
2020-09-17 10:05:30;service-1d1bdeaf-7f3b-11eb-bbf6-d8cb8af1e959;group1;eu;0.6645759353329567
2020-09-17 10:05:30;service-1d1bdeb0-7f3b-11eb-9a4a-d8cb8af1e959;group1;eu;0.5713563091594661
2020-09-17 10:05:30;service-1d1c0586-7f3b-11eb-bb38-d8cb8af1e959;group1;eu;0.25489281753854565
2020-09-17 10:05:30;service-1d1bdeab-7f3b-11eb-8bce-d8cb8af1e959;group1;eu;0.4764772405433459
2020-09-17 10:05:30;service-1d1bdeb1-7f3b-11eb-a6d0-d8cb8af1e959;group1;eu;0.4509804199603334
2020-09-17 10:05:30;service-1d1bdeac-7f3b-11eb-95d1-d8cb8af1e959;group1;eu;0.6848516426976556
2020-09-17 10:06:00;service-1d1bdea9-7f3b-11eb-abf0-d8cb8af1e959;group1;eu;0.3241679365178972
2020-09-17 10:06:00;service-1d1bdeaa-7f3b-11eb-8cbf-d8cb8af1e959;group1;eu;0.7774060672680997
2020-09-17 10:06:00;service-1d1bdead-7f3b-11eb-8c6e-d8cb8af1e959;group1;eu;0.5710468761618658
2020-09-17 10:06:00;service-1d1bdeae-7f3b-11eb-bf1c-d8cb8af1e959;group1;eu;0.4455787953443313
2020-09-17 10:06:00;service-1d1bdeaf-7f3b-11eb-bbf6-d8cb8af1e959;group1;eu;0.7156563411588787
2020-09-17 10:06:00;service-1d1bdeb0-7f3b-11eb-9a4a-d8cb8af1e959;group1;eu;0.564892033445722
2020-09-17 10:06:00;service-1d1c0586-7f3b-11eb-bb38-d8cb8af1e959;group1;eu;0.2967638449900175
2020-09-17 10:06:00;service-1d1bdeab-7f3b-11eb-8bce-d8cb8af1e959;group1;eu;0.4703687334350479
2020-09-17 10:06:00;service-1d1bdeb1-7f3b-11eb-a6d0-d8cb8af1e959;group1;eu;0.4900631651835139
2020-09-17 10:06:00;service-1d1bdeac-7f3b-11eb-95d1-d8cb8af1e959;group1;eu;0.6534828240792688
2020-09-17 10:01:30;service-1d1bdea9-7f3b-11eb-abf0-d8cb8af1e959;group1;eu;0.5553686442679802
2020-09-17 10:01:30;service-1d1bdeaa-7f3b-11eb-8cbf-d8cb8af1e959;group1;eu;0.7740603015592386
2020-09-17 10:01:30;service-1d1bdead-7f3b-11eb-8c6e-d8cb8af1e959;group1;eu;0.7406351287302082
2020-09-17 10:01:30;service-1d1bdeae-7f3b-11eb-bf1c-d8cb8af1e959;group1;eu;0.6854907907936343
2020-09-17 10:01:30;service-1d1bdeaf-7f3b-11eb-bbf6-d8cb8af1e959;group1;eu;0.761282052746112
2020-09-17 10:01:30;service-1d1bdeb0-7f3b-11eb-9a4a-d8cb8af1e959;group1;eu;0.7424951453692423
2020-09-17 10:01:30;service-1d1c0586-7f3b-11eb-bb38-d8cb8af1e959;group1;eu;0.5941956108711334
2020-09-17 10:01:30;service-1d1bdeab-7f3b-11eb-8bce-d8cb8af1e959;group1;eu;0.6761236227535622
2020-09-17 10:01:30;service-1d1bdeb1-7f3b-11eb-a6d0-d8cb8af1e959;group1;eu;0.6887217795218887
2020-09-17 10:01:30;service-1d1bdeac-7f3b-11eb-95d1-d8cb8af1e959;group1;eu;0.7173732354752889
2020-09-17 10:02:00;service-1d1bdea9-7f3b-11eb-abf0-d8cb8af1e959;group1;eu;0.17133042499310674
2020-09-17 10:02:00;service-1d1bdeaa-7f3b-11eb-8cbf-d8cb8af1e959;group1;eu;0.472373131391009
2020-09-17 10:02:00;service-1d1bdead-7f3b-11eb-8c6e-d8cb8af1e959;group1;eu;0.5110244069117253
2020-09-17 10:02:00;service-1d1bdeae-7f3b-11eb-bf1c-d8cb8af1e959;group1;eu;0.4334356811738901
2020-09-17 10:02:00;service-1d1bdeaf-7f3b-11eb-bbf6-d8cb8af1e959;group1;eu;0.4941420439455516
2020-09-17 10:02:00;service-1d1bdeb0-7f3b-11eb-9a4a-d8cb8af1e959;group1;eu;0.5147365612573673
2020-09-17 10:02:00;service-1d1c0586-7f3b-11eb-bb38-d8cb8af1e959;group1;eu;0.27816554370194935
2020-09-17 10:02:00;service-1d1bdeab-7f3b-11eb-8bce-d8cb8af1e959;group1;eu;0.4073969916018599
2020-09-17 10:02:00;service-1d1bdeb1-7f3b-11eb-a6d0-d8cb8af1e959;group1;eu;0.41728678667636643
2020-09-17 10:02:00;service-1d1bdeac-7f3b-11eb-95d1-d8cb8af1e959;group1;eu;0.3842078982339879
2020-09-17 10:02:30;service-1d1bdea9-7f3b-11eb-abf0-d8cb8af1e959;group1;eu;0.08709300022040359
2020-09-17 10:02:30;service-1d1bdeaa-7f3b-11eb-8cbf-d8cb8af1e959;group1;eu;0.27939000813362214
2020-09-17 10:02:30;service-1d1bdead-7f3b-11eb-8c6e-d8cb8af1e959;group1;eu;0.2595179709724437
2020-09-17 10:02:30;service-1d1bdeae-7f3b-11eb-bf1c-d8cb8af1e959;group1;eu;0.15043611631980253
2020-09-17 10:02:30;service-1d1bdeaf-7f3b-11eb-bbf6-d8cb8af1e959;group1;eu;0.18877783320111663
2020-09-17 10:02:30;service-1d1bdeb0-7f3b-11eb-9a4a-d8cb8af1e959;group1;eu;0.30173706899808156
2020-09-17 10:02:30;service-1d1c0586-7f3b-11eb-bb38-d8cb8af1e959;group1;eu;0.09575784617099382
2020-09-17 10:02:30;service-1d1bdeab-7f3b-11eb-8bce-d8cb8af1e959;group1;eu;0.0924621293383219
2020-09-17 10:02:30;service-1d1bdeb1-7f3b-11eb-a6d0-d8cb8af1e959;group1;eu;0.15700525664314782
2020-09-17 10:02:30;service-1d1bdeac-7f3b-11eb-95d1-d8cb8af1e959;group1;eu;0.06998834887521824
2020-09-17 10:03:00;service-1d1bdea9-7f3b-11eb-abf0-d8cb8af1e959;group1;eu;0.2612988180227747
2020-09-17 10:03:00;service-1d1bdeaa-7f3b-11eb-8cbf-d8cb8af1e959;group1;eu;0.02143925832073796
2020-09-17 10:03:00;service-1d1bdead-7f3b-11eb-8c6e-d8cb8af1e959;group1;eu;0.08967634063557516
2020-09-17 10:03:00;service-1d1bdeae-7f3b-11eb-bf1c-d8cb8af1e959;group1;eu;0.18648370307033008
2020-09-17 10:03:00;service-1d1bdeaf-7f3b-11eb-bbf6-d8cb8af1e959;group1;eu;0.24819929211502043
2020-09-17 10:03:00;service-1d1bdeb0-7f3b-11eb-9a4a-d8cb8af1e959;group1;eu;0.05117449023803274
2020-09-17 10:03:00;service-1d1c0586-7f3b-11eb-bb38-d8cb8af1e959;group1;eu;0.35114779811522756
2020-09-17 10:03:00;service-1d1bdeab-7f3b-11eb-8bce-d8cb8af1e959;group1;eu;0.22228787688248147
2020-09-17 10:03:00;service-1d1bdeb1-7f3b-11eb-a6d0-d8cb8af1e959;group1;eu;0.2481892293499463
2020-09-17 10:03:00;service-1d1bdeac-7f3b-11eb-95d1-d8cb8af1e959;group1;eu;0.22260911318843965
2020-09-17 10:03:30;service-1d1bdea9-7f3b-11eb-abf0-d8cb8af1e959;group1;eu;0.07172786802955979
2020-09-17 10:03:30;service-1d1bdeaa-7f3b-11eb-8cbf-d8cb8af1e959;group1;eu;0.09131100021417969
2020-09-17 10:03:30;service-1d1bdead-7f3b-11eb-8c6e-d8cb8af1e959;group1;eu;0.024439563880312553
2020-09-17 10:03:30;service-1d1bdeae-7f3b-11eb-bf1c-d8cb8af1e959;group1;eu;0.11190775471497012
2020-09-17 10:03:30;service-1d1bdeaf-7f3b-11eb-bbf6-d8cb8af1e959;group1;eu;0.2023124243074523
2020-09-17 10:03:30;service-1d1bdeb0-7f3b-11eb-9a4a-d8cb8af1e959;group1;eu;0.04396339757888279
2020-09-17 10:03:30;service-1d1c0586-7f3b-11eb-bb38-d8cb8af1e959;group1;eu;0.2999721465894354
2020-09-17 10:03:30;service-1d1bdeab-7f3b-11eb-8bce-d8cb8af1e959;group1;eu;0.15127513881023905
2020-09-17 10:03:30;service-1d1bdeb1-7f3b-11eb-a6d0-d8cb8af1e959;group1;eu;0.22335277722498742
2020-09-17 10:03:30;service-1d1bdeac-7f3b-11eb-95d1-d8cb8af1e959;group1;eu;0.05974517051555183
2020-09-17 10:04:00;service-1d1bdea9-7f3b-11eb-abf0-d8cb8af1e959;group1;eu;0.1520053817589473
2020-09-17 10:04:00;service-1d1bdeaa-7f3b-11eb-8cbf-d8cb8af1e959;group1;eu;0.20255803161471217
2020-09-17 10:04:00;service-1d1bdead-7f3b-11eb-8c6e-d8cb8af1e959;group1;eu;0.058716668780830907
2020-09-17 10:04:00;service-1d1bdeae-7f3b-11eb-bf1c-d8cb8af1e959;group1;eu;0.02312183843011673
2020-09-17 10:04:00;service-1d1bdeaf-7f3b-11eb-bbf6-d8cb8af1e959;group1;eu;0.13383811007913857
2020-09-17 10:04:00;service-1d1bdeb0-7f3b-11eb-9a4a-d8cb8af1e959;group1;eu;0.06934763204932215
2020-09-17 10:04:00;service-1d1c0586-7f3b-11eb-bb38-d8cb8af1e959;group1;eu;0.2432363210192591
2020-09-17 10:04:00;service-1d1bdeab-7f3b-11eb-8bce-d8cb8af1e959;group1;eu;0.05383351287790592
2020-09-17 10:04:00;service-1d1bdeb1-7f3b-11eb-a6d0-d8cb8af1e959;group1;eu;0.1678179782396807
2020-09-17 10:04:00;service-1d1bdeac-7f3b-11eb-95d1-d8cb8af1e959;group1;eu;0.041261592481491784
2020-09-17 10:04:30;service-1d1bdea9-7f3b-11eb-abf0-d8cb8af1e959;group1;eu;0.17980518461627426
2020-09-17 10:04:30;service-1d1bdeaa-7f3b-11eb-8cbf-d8cb8af1e959;group1;eu;0.22101588663413263
2020-09-17 10:04:30;service-1d1bdead-7f3b-11eb-8c6e-d8cb8af1e959;group1;eu;0.055590960529852365
2020-09-17 10:04:30;service-1d1bdeae-7f3b-11eb-bf1c-d8cb8af1e959;group1;eu;0.014510710661863838
2020-09-17 10:04:30;service-1d1bdeaf-7f3b-11eb-bbf6-d8cb8af1e959;group1;eu;0.16133793858954149
2020-09-17 10:04:30;service-1d1bdeb0-7f3b-11eb-9a4a-d8cb8af1e959;group1;eu;0.1525237736881158
2020-09-17 10:04:30;service-1d1c0586-7f3b-11eb-bb38-d8cb8af1e959;group1;eu;0.23847240233148365
2020-09-17 10:04:30;service-1d1bdeab-7f3b-11eb-8bce-d8cb8af1e959;group1;eu;0.06168712164129198
2020-09-17 10:04:30;service-1d1bdeb1-7f3b-11eb-a6d0-d8cb8af1e959;group1;eu;0.16864989765347216
2020-09-17 10:04:30;service-1d1bdeac-7f3b-11eb-95d1-d8cb8af1e959;group1;eu;0.10668258217980406
2020-09-17 10:05:00;service-1d1bdea9-7f3b-11eb-abf0-d8cb8af1e959;group1;eu;0.0481872279674217
2020-09-17 10:05:00;service-1d1bdeaa-7f3b-11eb-8cbf-d8cb8af1e959;group1;eu;0.14376084212694062
2020-09-17 10:05:00;service-1d1bdead-7f3b-11eb-8c6e-d8cb8af1e959;group1;eu;0.0292127136980491
2020-09-17 10:05:00;service-1d1bdeae-7f3b-11eb-bf1c-d8cb8af1e959;group1;eu;0.03465870285334552
2020-09-17 10:05:00;service-1d1bdeaf-7f3b-11eb-bbf6-d8cb8af1e959;group1;eu;0.2049843454617123
2020-09-17 10:05:00;service-1d1bdeb0-7f3b-11eb-9a4a-d8cb8af1e959;group1;eu;0.22423305662357715
2020-09-17 10:05:00;service-1d1c0586-7f3b-11eb-bb38-d8cb8af1e959;group1;eu;0.27462713007469025
2020-09-17 10:05:00;service-1d1bdeab-7f3b-11eb-8bce-d8cb8af1e959;group1;eu;0.09025580358506045
2020-09-17 10:05:00;service-1d1bdeb1-7f3b-11eb-a6d0-d8cb8af1e959;group1;eu;0.19225206137724116
2020-09-17 10:05:00;service-1d1bdeac-7f3b-11eb-95d1-d8cb8af1e959;group1;eu;0.14331409335251852
2020-09-17 10:05:30;service-1d1bdea9-7f3b-11eb-abf0-d8cb8af1e959;group1;eu;0.13114797472518647
2020-09-17 10:05:30;service-1d1bdeaa-7f3b-11eb-8cbf-d8cb8af1e959;group1;eu;0.21526762903893082
2020-09-17 10:05:30;service-1d1bdead-7f3b-11eb-8c6e-d8cb8af1e959;group1;eu;0.14195748283941031
2020-09-17 10:05:30;service-1d1bdeae-7f3b-11eb-bf1c-d8cb8af1e959;group1;eu;0.13913756528417814
2020-09-17 10:05:30;service-1d1bdeaf-7f3b-11eb-bbf6-d8cb8af1e959;group1;eu;0.02457342531030347
2020-09-17 10:05:30;service-1d1bdeb0-7f3b-11eb-9a4a-d8cb8af1e959;group1;eu;0.10924995318729584
2020-09-17 10:05:30;service-1d1c0586-7f3b-11eb-bb38-d8cb8af1e959;group1;eu;0.14756535147780017
2020-09-17 10:05:30;service-1d1bdeab-7f3b-11eb-8bce-d8cb8af1e959;group1;eu;0.0539542229727687
2020-09-17 10:05:30;service-1d1bdeb1-7f3b-11eb-a6d0-d8cb8af1e959;group1;eu;0.02680577202597921
2020-09-17 10:05:30;service-1d1bdeac-7f3b-11eb-95d1-d8cb8af1e959;group1;eu;0.36364991338282987
2020-09-17 10:06:00;service-1d1bdea9-7f3b-11eb-abf0-d8cb8af1e959;group1;eu;0.13201663431918992
2020-09-17 10:06:00;service-1d1bdeaa-7f3b-11eb-8cbf-d8cb8af1e959;group1;eu;0.24228299922470725
2020-09-17 10:06:00;service-1d1bdead-7f3b-11eb-8c6e-d8cb8af1e959;group1;eu;0.21537946804860444
2020-09-17 10:06:00;service-1d1bdeae-7f3b-11eb-bf1c-d8cb8af1e959;group1;eu;0.2557464519081092
2020-09-17 10:06:00;service-1d1bdeaf-7f3b-11eb-bbf6-d8cb8af1e959;group1;eu;0.10908793296802582
2020-09-17 10:06:00;service-1d1bdeb0-7f3b-11eb-9a4a-d8cb8af1e959;group1;eu;0.04057096536192493
2020-09-17 10:06:00;service-1d1c0586-7f3b-11eb-bb38-d8cb8af1e959;group1;eu;0.016282251024888582
2020-09-17 10:06:00;service-1d1bdeab-7f3b-11eb-8bce-d8cb8af1e959;group1;eu;0.16000438707020556
2020-09-17 10:06:00;service-1d1bdeb1-7f3b-11eb-a6d0-d8cb8af1e959;group1;eu;0.11091387929577409
2020-09-17 10:06:00;service-1d1bdeac-7f3b-11eb-95d1-d8cb8af1e959;group1;eu;0.46052205541282015
2020-09-17 10:01:45;service-1d1bdea9-7f3b-11eb-abf0-d8cb8af1e959;group1;eu;0.3684059992799867
2020-09-17 10:01:45;service-1d1bdeaa-7f3b-11eb-8cbf-d8cb8af1e959;group1;eu;0.39258282184263626
2020-09-17 10:01:45;service-1d1bdead-7f3b-11eb-8c6e-d8cb8af1e959;group1;eu;0.4627564533816972
2020-09-17 10:01:45;service-1d1bdeae-7f3b-11eb-bf1c-d8cb8af1e959;group1;eu;0.48816664028161894
2020-09-17 10:01:45;service-1d1bdeaf-7f3b-11eb-bbf6-d8cb8af1e959;group1;eu;0.4382515541043632
2020-09-17 10:01:45;service-1d1bdeb0-7f3b-11eb-9a4a-d8cb8af1e959;group1;eu;0.3508624830035042
2020-09-17 10:01:45;service-1d1c0586-7f3b-11eb-bb38-d8cb8af1e959;group1;eu;0.3153574919887698
2020-09-17 10:01:45;service-1d1bdeab-7f3b-11eb-8bce-d8cb8af1e959;group1;eu;0.4216909005687317
2020-09-17 10:01:45;service-1d1bdeb1-7f3b-11eb-a6d0-d8cb8af1e959;group1;eu;0.41267097542490266
2020-09-17 10:01:45;service-1d1bdeac-7f3b-11eb-95d1-d8cb8af1e959;group1;eu;0.507212332354188
2020-09-17 10:02:15;service-1d1bdea9-7f3b-11eb-abf0-d8cb8af1e959;group1;eu;0.2659309300054427
2020-09-17 10:02:15;service-1d1bdeaa-7f3b-11eb-8cbf-d8cb8af1e959;group1;eu;0.2672931730123486
2020-09-17 10:02:15;service-1d1bdead-7f3b-11eb-8c6e-d8cb8af1e959;group1;eu;0.3645471543009733
2020-09-17 10:02:15;service-1d1bdeae-7f3b-11eb-bf1c-d8cb8af1e959;group1;eu;0.3958947451351145
2020-09-17 10:02:15;service-1d1bdeaf-7f3b-11eb-bbf6-d8cb8af1e959;group1;eu;0.3292419599340925
2020-09-17 10:02:15;service-1d1bdeb0-7f3b-11eb-9a4a-d8cb8af1e959;group1;eu;0.21791039667691742
2020-09-17 10:02:15;service-1d1c0586-7f3b-11eb-bb38-d8cb8af1e959;group1;eu;0.15991050195116432
2020-09-17 10:02:15;service-1d1bdeab-7f3b-11eb-8bce-d8cb8af1e959;group1;eu;0.2973650163817704
2020-09-17 10:02:15;service-1d1bdeb1-7f3b-11eb-a6d0-d8cb8af1e959;group1;eu;0.28963046143440063
2020-09-17 10:02:15;service-1d1bdeac-7f3b-11eb-95d1-d8cb8af1e959;group1;eu;0.27237602176640335
2020-09-17 10:02:45;service-1d1bdea9-7f3b-11eb-abf0-d8cb8af1e959;group1;eu;0.08525165048869786
2020-09-17 10:02:45;service-1d1bdeaa-7f3b-11eb-8cbf-d8cb8af1e959;group1;eu;0.08720668780635131
2020-09-17 10:02:45;service-1d1bdead-7f3b-11eb-8c6e-d8cb8af1e959;group1;eu;0.1149223789310922
2020-09-17 10:02:45;service-1d1bdeae-7f3b-11eb-bf1c-d8cb8af1e959;group1;eu;0.10776455556281121
2020-09-17 10:02:45;service-1d1bdeaf-7f3b-11eb-bbf6-d8cb8af1e959;group1;eu;0.026307490853301876
2020-09-17 10:02:45;service-1d1bdeb0-7f3b-11eb-9a4a-d8cb8af1e959;group1;eu;0.09813760525033348
2020-09-17 10:02:45;service-1d1c0586-7f3b-11eb-bb38-d8cb8af1e959;group1;eu;0.1418050448156272
2020-09-17 10:02:45;service-1d1bdeab-7f3b-11eb-8bce-d8cb8af1e959;group1;eu;0.005573219513772647
2020-09-17 10:02:45;service-1d1bdeb1-7f3b-11eb-a6d0-d8cb8af1e959;group1;eu;0.010617177947741325
2020-09-17 10:02:45;service-1d1bdeac-7f3b-11eb-95d1-d8cb8af1e959;group1;eu;0.15757452656440826
2020-09-17 10:03:15;service-1d1bdea9-7f3b-11eb-abf0-d8cb8af1e959;group1;eu;0.18487666048906912
2020-09-17 10:03:15;service-1d1bdeaa-7f3b-11eb-8cbf-d8cb8af1e959;group1;eu;0.15051018841094532
2020-09-17 10:03:15;service-1d1bdead-7f3b-11eb-8c6e-d8cb8af1e959;group1;eu;0.03965091116925224
2020-09-17 10:03:15;service-1d1bdeae-7f3b-11eb-bf1c-d8cb8af1e959;group1;eu;0.04813766361878103
2020-09-17 10:03:15;service-1d1bdeaf-7f3b-11eb-bbf6-d8cb8af1e959;group1;eu;0.04138792758765763
2020-09-17 10:03:15;service-1d1bdeb0-7f3b-11eb-9a4a-d8cb8af1e959;group1;eu;0.13411265646802353
2020-09-17 10:03:15;service-1d1c0586-7f3b-11eb-bb38-d8cb8af1e959;group1;eu;0.11185042068291677
2020-09-17 10:03:15;service-1d1bdeab-7f3b-11eb-8bce-d8cb8af1e959;group1;eu;0.07917372476819892
2020-09-17 10:03:15;service-1d1bdeb1-7f3b-11eb-a6d0-d8cb8af1e959;group1;eu;0.02506194283434082
2020-09-17 10:03:15;service-1d1bdeac-7f3b-11eb-95d1-d8cb8af1e959;group1;eu;0.11999169283141436
2020-09-17 10:03:45;service-1d1bdea9-7f3b-11eb-abf0-d8cb8af1e959;group1;eu;0.02314470287085071
2020-09-17 10:03:45;service-1d1bdeaa-7f3b-11eb-8cbf-d8cb8af1e959;group1;eu;0.01987213493028449
2020-09-17 10:03:45;service-1d1bdead-7f3b-11eb-8c6e-d8cb8af1e959;group1;eu;0.13603518297121636
2020-09-17 10:03:45;service-1d1bdeae-7f3b-11eb-bf1c-d8cb8af1e959;group1;eu;0.11734243948323124
2020-09-17 10:03:45;service-1d1bdeaf-7f3b-11eb-bbf6-d8cb8af1e959;group1;eu;0.0791422669775142
2020-09-17 10:03:45;service-1d1bdeb0-7f3b-11eb-9a4a-d8cb8af1e959;group1;eu;0.02666740103731773
2020-09-17 10:03:45;service-1d1c0586-7f3b-11eb-bb38-d8cb8af1e959;group1;eu;0.056877014882348725
2020-09-17 10:03:45;service-1d1bdeab-7f3b-11eb-8bce-d8cb8af1e959;group1;eu;0.04557801410876952
2020-09-17 10:03:45;service-1d1bdeb1-7f3b-11eb-a6d0-d8cb8af1e959;group1;eu;0.10816283794364766
2020-09-17 10:03:45;service-1d1bdeac-7f3b-11eb-95d1-d8cb8af1e959;group1;eu;0.10020788094049009
2020-09-17 10:04:15;service-1d1bdea9-7f3b-11eb-abf0-d8cb8af1e959;group1;eu;0.0006112994399948005
2020-09-17 10:04:15;service-1d1bdeaa-7f3b-11eb-8cbf-d8cb8af1e959;group1;eu;0.01149719240275399
2020-09-17 10:04:15;service-1d1bdead-7f3b-11eb-8c6e-d8cb8af1e959;group1;eu;0.07335172770104653
2020-09-17 10:04:15;service-1d1bdeae-7f3b-11eb-bf1c-d8cb8af1e959;group1;eu;0.04734187252685166
2020-09-17 10:04:15;service-1d1bdeaf-7f3b-11eb-bbf6-d8cb8af1e959;group1;eu;0.07524653692374621
2020-09-17 10:04:15;service-1d1bdeb0-7f3b-11eb-9a4a-d8cb8af1e959;group1;eu;0.0904800756458441
2020-09-17 10:04:15;service-1d1c0586-7f3b-11eb-bb38-d8cb8af1e959;group1;eu;0.08357963912487033
2020-09-17 10:04:15;service-1d1bdeab-7f3b-11eb-8bce-d8cb8af1e959;group1;eu;0.0017935597569982463
2020-09-17 10:04:15;service-1d1bdeb1-7f3b-11eb-a6d0-d8cb8af1e959;group1;eu;0.11596286547838136
2020-09-17 10:04:15;service-1d1bdeac-7f3b-11eb-95d1-d8cb8af1e959;group1;eu;0.08547316094645455
2020-09-17 10:04:45;service-1d1bdea9-7f3b-11eb-abf0-d8cb8af1e959;group1;eu;0.2122268727771774
2020-09-17 10:04:45;service-1d1bdeaa-7f3b-11eb-8cbf-d8cb8af1e959;group1;eu;0.174299475017087
2020-09-17 10:04:45;service-1d1bdead-7f3b-11eb-8c6e-d8cb8af1e959;group1;eu;0.17243462108747593
2020-09-17 10:04:45;service-1d1bdeae-7f3b-11eb-bf1c-d8cb8af1e959;group1;eu;0.14412137042651987
2020-09-17 10:04:45;service-1d1bdeaf-7f3b-11eb-bbf6-d8cb8af1e959;group1;eu;0.21106559839559857
2020-09-17 10:04:45;service-1d1bdeb0-7f3b-11eb-9a4a-d8cb8af1e959;group1;eu;0.025496264423993557
2020-09-17 10:04:45;service-1d1c0586-7f3b-11eb-bb38-d8cb8af1e959;group1;eu;0.23856178893625907
2020-09-17 10:04:45;service-1d1bdeab-7f3b-11eb-8bce-d8cb8af1e959;group1;eu;0.11045670455408395
2020-09-17 10:04:45;service-1d1bdeb1-7f3b-11eb-a6d0-d8cb8af1e959;group1;eu;0.2593789328411972
2020-09-17 10:04:45;service-1d1bdeac-7f3b-11eb-95d1-d8cb8af1e959;group1;eu;0.1994471957630702
2020-09-17 10:05:15;service-1d1bdea9-7f3b-11eb-abf0-d8cb8af1e959;group1;eu;0.265941673509048
2020-09-17 10:05:15;service-1d1bdeaa-7f3b-11eb-8cbf-d8cb8af1e959;group1;eu;0.22794083612050337
2020-09-17 10:05:15;service-1d1bdead-7f3b-11eb-8c6e-d8cb8af1e959;group1;eu;0.166674634612649
2020-09-17 10:05:15;service-1d1bdeae-7f3b-11eb-bf1c-d8cb8af1e959;group1;eu;0.09514631680032476
2020-09-17 10:05:15;service-1d1bdeaf-7f3b-11eb-bbf6-d8cb8af1e959;group1;eu;0.23328840756161648
2020-09-17 10:05:15;service-1d1bdeb0-7f3b-11eb-9a4a-d8cb8af1e959;group1;eu;0.014143718216730135
2020-09-17 10:05:15;service-1d1c0586-7f3b-11eb-bb38-d8cb8af1e959;group1;eu;0.2529250220650989
2020-09-17 10:05:15;service-1d1bdeab-7f3b-11eb-8bce-d8cb8af1e959;group1;eu;0.09778403186565618
2020-09-17 10:05:15;service-1d1bdeb1-7f3b-11eb-a6d0-d8cb8af1e959;group1;eu;0.2618643491056977
2020-09-17 10:05:15;service-1d1bdeac-7f3b-11eb-95d1-d8cb8af1e959;group1;eu;0.18367067460992342
2020-09-17 10:05:45;service-1d1bdea9-7f3b-11eb-abf0-d8cb8af1e959;group1;eu;0.3190588855202702
2020-09-17 10:05:45;service-1d1bdeaa-7f3b-11eb-8cbf-d8cb8af1e959;group1;eu;0.3078666764989879
2020-09-17 10:05:45;service-1d1bdead-7f3b-11eb-8c6e-d8cb8af1e959;group1;eu;0.17484644006460942
2020-09-17 10:05:45;service-1d1bdeae-7f3b-11eb-bf1c-d8cb8af1e959;group1;eu;0.048546127977076935
2020-09-17 10:05:45;service-1d1bdeaf-7f3b-11eb-bbf6-d8cb8af1e959;group1;eu;0.25309837566824533
2020-09-17 10:05:45;service-1d1bdeb0-7f3b-11eb-9a4a-d8cb8af1e959;group1;eu;0.020266615137207445
2020-09-17 10:05:45;service-1d1c0586-7f3b-11eb-bb38-d8cb8af1e959;group1;eu;0.2819801582427573
2020-09-17 10:05:45;service-1d1bdeab-7f3b-11eb-8bce-d8cb8af1e959;group1;eu;0.10576902051367605
2020-09-17 10:05:45;service-1d1bdeb1-7f3b-11eb-a6d0-d8cb8af1e959;group1;eu;0.252864556804895
2020-09-17 10:05:45;service-1d1bdeac-7f3b-11eb-95d1-d8cb8af1e959;group1;eu;0.18372744642566174
2020-09-17 10:01:36;service-1d1bdea9-7f3b-11eb-abf0-d8cb8af1e959;group1;eu;0.724414932337979
2020-09-17 10:01:36;service-1d1bdeaa-7f3b-11eb-8cbf-d8cb8af1e959;group1;eu;0.7303974191836242
2020-09-17 10:01:36;service-1d1bdead-7f3b-11eb-8c6e-d8cb8af1e959;group1;eu;0.7088554229943343
2020-09-17 10:01:36;service-1d1bdeae-7f3b-11eb-bf1c-d8cb8af1e959;group1;eu;0.6665045335364083
2020-09-17 10:01:36;service-1d1bdeaf-7f3b-11eb-bbf6-d8cb8af1e959;group1;eu;0.7094849139585936
2020-09-17 10:01:36;service-1d1bdeb0-7f3b-11eb-9a4a-d8cb8af1e959;group1;eu;0.6597739977958929
2020-09-17 10:01:36;service-1d1c0586-7f3b-11eb-bb38-d8cb8af1e959;group1;eu;0.7338947771503378
2020-09-17 10:01:36;service-1d1bdeab-7f3b-11eb-8bce-d8cb8af1e959;group1;eu;0.6810197001449673
2020-09-17 10:01:36;service-1d1bdeb1-7f3b-11eb-a6d0-d8cb8af1e959;group1;eu;0.7326951751734372
2020-09-17 10:01:36;service-1d1bdeac-7f3b-11eb-95d1-d8cb8af1e959;group1;eu;0.684009125814169
2020-09-17 10:02:06;service-1d1bdea9-7f3b-11eb-abf0-d8cb8af1e959;group1;eu;0.39750455365754855
2020-09-17 10:02:06;service-1d1bdeaa-7f3b-11eb-8cbf-d8cb8af1e959;group1;eu;0.40078395842165215
2020-09-17 10:02:06;service-1d1bdead-7f3b-11eb-8c6e-d8cb8af1e959;group1;eu;0.4133669631829096
2020-09-17 10:02:06;service-1d1bdeae-7f3b-11eb-bf1c-d8cb8af1e959;group1;eu;0.32933112129956243
2020-09-17 10:02:06;service-1d1bdeaf-7f3b-11eb-bbf6-d8cb8af1e959;group1;eu;0.3776959479194437
2020-09-17 10:02:06;service-1d1bdeb0-7f3b-11eb-9a4a-d8cb8af1e959;group1;eu;0.3191835594170659
2020-09-17 10:02:06;service-1d1c0586-7f3b-11eb-bb38-d8cb8af1e959;group1;eu;0.45276050949481894
2020-09-17 10:02:06;service-1d1bdeab-7f3b-11eb-8bce-d8cb8af1e959;group1;eu;0.365634895272415
2020-09-17 10:02:06;service-1d1bdeb1-7f3b-11eb-a6d0-d8cb8af1e959;group1;eu;0.4623603444679168
2020-09-17 10:02:06;service-1d1bdeac-7f3b-11eb-95d1-d8cb8af1e959;group1;eu;0.29703775531072185
2020-09-17 10:02:36;service-1d1bdea9-7f3b-11eb-abf0-d8cb8af1e959;group1;eu;0.22676992570569524
2020-09-17 10:02:36;service-1d1bdeaa-7f3b-11eb-8cbf-d8cb8af1e959;group1;eu;0.26694286777029735
2020-09-17 10:02:36;service-1d1bdead-7f3b-11eb-8c6e-d8cb8af1e959;group1;eu;0.2767652738740557
2020-09-17 10:02:36;service-1d1bdeae-7f3b-11eb-bf1c-d8cb8af1e959;group1;eu;0.1794851629053823
2020-09-17 10:02:36;service-1d1bdeaf-7f3b-11eb-bbf6-d8cb8af1e959;group1;eu;0.20134518949027566
2020-09-17 10:02:36;service-1d1bdeb0-7f3b-11eb-9a4a-d8cb8af1e959;group1;eu;0.16175327373890555
2020-09-17 10:02:36;service-1d1c0586-7f3b-11eb-bb38-d8cb8af1e959;group1;eu;0.31567831734447416
2020-09-17 10:02:36;service-1d1bdeab-7f3b-11eb-8bce-d8cb8af1e959;group1;eu;0.21948551109905592
2020-09-17 10:02:36;service-1d1bdeb1-7f3b-11eb-a6d0-d8cb8af1e959;group1;eu;0.33453087510516627
2020-09-17 10:02:36;service-1d1bdeac-7f3b-11eb-95d1-d8cb8af1e959;group1;eu;0.07978465891882586
2020-09-17 10:03:06;service-1d1bdea9-7f3b-11eb-abf0-d8cb8af1e959;group1;eu;0.008112896547915166
2020-09-17 10:03:06;service-1d1bdeaa-7f3b-11eb-8cbf-d8cb8af1e959;group1;eu;0.06325365067128833
2020-09-17 10:03:06;service-1d1bdead-7f3b-11eb-8c6e-d8cb8af1e959;group1;eu;0.03320771638481048
2020-09-17 10:03:06;service-1d1bdeae-7f3b-11eb-bf1c-d8cb8af1e959;group1;eu;0.06362395367012175
2020-09-17 10:03:06;service-1d1bdeaf-7f3b-11eb-bbf6-d8cb8af1e959;group1;eu;0.056245594015410606
2020-09-17 10:03:06;service-1d1bdeb0-7f3b-11eb-9a4a-d8cb8af1e959;group1;eu;0.11694355903606996
2020-09-17 10:03:06;service-1d1c0586-7f3b-11eb-bb38-d8cb8af1e959;group1;eu;0.08900127577536507
2020-09-17 10:03:06;service-1d1bdeab-7f3b-11eb-8bce-d8cb8af1e959;group1;eu;0.027167909295102294
2020-09-17 10:03:06;service-1d1bdeb1-7f3b-11eb-a6d0-d8cb8af1e959;group1;eu;0.11606005410003548
2020-09-17 10:03:06;service-1d1bdeac-7f3b-11eb-95d1-d8cb8af1e959;group1;eu;0.14963365893581299
2020-09-17 10:03:36;service-1d1bdea9-7f3b-11eb-abf0-d8cb8af1e959;group1;eu;0.12985735495128503
2020-09-17 10:03:36;service-1d1bdeaa-7f3b-11eb-8cbf-d8cb8af1e959;group1;eu;0.08766457089897012
2020-09-17 10:03:36;service-1d1bdead-7f3b-11eb-8c6e-d8cb8af1e959;group1;eu;0.12082850235471272
2020-09-17 10:03:36;service-1d1bdeae-7f3b-11eb-bf1c-d8cb8af1e959;group1;eu;0.25259138659056385
2020-09-17 10:03:36;service-1d1bdeaf-7f3b-11eb-bbf6-d8cb8af1e959;group1;eu;0.15987361156149216
2020-09-17 10:03:36;service-1d1bdeb0-7f3b-11eb-9a4a-d8cb8af1e959;group1;eu;0.2640776236068975
2020-09-17 10:03:36;service-1d1c0586-7f3b-11eb-bb38-d8cb8af1e959;group1;eu;0.047676524990278184
2020-09-17 10:03:36;service-1d1bdeab-7f3b-11eb-8bce-d8cb8af1e959;group1;eu;0.15235157429904614
2020-09-17 10:03:36;service-1d1bdeb1-7f3b-11eb-a6d0-d8cb8af1e959;group1;eu;0.023807769660195023
2020-09-17 10:03:36;service-1d1bdeac-7f3b-11eb-95d1-d8cb8af1e959;group1;eu;0.30073839692920123
2020-09-17 10:04:06;service-1d1bdea9-7f3b-11eb-abf0-d8cb8af1e959;group1;eu;0.15548982984822268
2020-09-17 10:04:06;service-1d1bdeaa-7f3b-11eb-8cbf-d8cb8af1e959;group1;eu;0.08931404017177112
2020-09-17 10:04:06;service-1d1bdead-7f3b-11eb-8c6e-d8cb8af1e959;group1;eu;0.11692517263938601
2020-09-17 10:04:06;service-1d1bdeae-7f3b-11eb-bf1c-d8cb8af1e959;group1;eu;0.264640122313847
2020-09-17 10:04:06;service-1d1bdeaf-7f3b-11eb-bbf6-d8cb8af1e959;group1;eu;0.14236212880280638
2020-09-17 10:04:06;service-1d1bdeb0-7f3b-11eb-9a4a-d8cb8af1e959;group1;eu;0.2772210414619205
2020-09-17 10:04:06;service-1d1c0586-7f3b-11eb-bb38-d8cb8af1e959;group1;eu;0.0551069982772211
2020-09-17 10:04:06;service-1d1bdeab-7f3b-11eb-8bce-d8cb8af1e959;group1;eu;0.15034918650919224
2020-09-17 10:04:06;service-1d1bdeb1-7f3b-11eb-a6d0-d8cb8af1e959;group1;eu;0.03227152186321365
2020-09-17 10:04:06;service-1d1bdeac-7f3b-11eb-95d1-d8cb8af1e959;group1;eu;0.31862371901454867
2020-09-17 10:04:36;service-1d1bdea9-7f3b-11eb-abf0-d8cb8af1e959;group1;eu;0.20352314987145254
2020-09-17 10:04:36;service-1d1bdeaa-7f3b-11eb-8cbf-d8cb8af1e959;group1;eu;0.1261287894590622
2020-09-17 10:04:36;service-1d1bdead-7f3b-11eb-8c6e-d8cb8af1e959;group1;eu;0.1624443457411865
2020-09-17 10:04:36;service-1d1bdeae-7f3b-11eb-bf1c-d8cb8af1e959;group1;eu;0.313883113576498
2020-09-17 10:04:36;service-1d1bdeaf-7f3b-11eb-bbf6-d8cb8af1e959;group1;eu;0.15928102200293817
2020-09-17 10:04:36;service-1d1bdeb0-7f3b-11eb-9a4a-d8cb8af1e959;group1;eu;0.3180009291583418
2020-09-17 10:04:36;service-1d1c0586-7f3b-11eb-bb38-d8cb8af1e959;group1;eu;0.09700883923705701
2020-09-17 10:04:36;service-1d1bdeab-7f3b-11eb-8bce-d8cb8af1e959;group1;eu;0.2032192853162675
2020-09-17 10:04:36;service-1d1bdeb1-7f3b-11eb-a6d0-d8cb8af1e959;group1;eu;0.08531660372341651
2020-09-17 10:04:36;service-1d1bdeac-7f3b-11eb-95d1-d8cb8af1e959;group1;eu;0.3377324329852568
2020-09-17 10:05:06;service-1d1bdea9-7f3b-11eb-abf0-d8cb8af1e959;group1;eu;0.1562032083182801
2020-09-17 10:05:06;service-1d1bdeaa-7f3b-11eb-8cbf-d8cb8af1e959;group1;eu;0.061785512560754874
2020-09-17 10:05:06;service-1d1bdead-7f3b-11eb-8c6e-d8cb8af1e959;group1;eu;0.12559155612132278
2020-09-17 10:05:06;service-1d1bdeae-7f3b-11eb-bf1c-d8cb8af1e959;group1;eu;0.27955849628549817
2020-09-17 10:05:06;service-1d1bdeaf-7f3b-11eb-bbf6-d8cb8af1e959;group1;eu;0.06762931381573402
2020-09-17 10:05:06;service-1d1bdeb0-7f3b-11eb-9a4a-d8cb8af1e959;group1;eu;0.27931350216901024
2020-09-17 10:05:06;service-1d1c0586-7f3b-11eb-bb38-d8cb8af1e959;group1;eu;0.03577333652316976
2020-09-17 10:05:06;service-1d1bdeab-7f3b-11eb-8bce-d8cb8af1e959;group1;eu;0.1586754026868697
2020-09-17 10:05:06;service-1d1bdeb1-7f3b-11eb-a6d0-d8cb8af1e959;group1;eu;0.0664189758294598
2020-09-17 10:05:06;service-1d1bdeac-7f3b-11eb-95d1-d8cb8af1e959;group1;eu;0.2810469256634801
2020-09-17 10:05:36;service-1d1bdea9-7f3b-11eb-abf0-d8cb8af1e959;group1;eu;0.04882902480690334
2020-09-17 10:05:36;service-1d1bdeaa-7f3b-11eb-8cbf-d8cb8af1e959;group1;eu;0.054561569866670726
2020-09-17 10:05:36;service-1d1bdead-7f3b-11eb-8c6e-d8cb8af1e959;group1;eu;0.05364591550079046
2020-09-17 10:05:36;service-1d1bdeae-7f3b-11eb-bf1c-d8cb8af1e959;group1;eu;0.20469865047227773
2020-09-17 10:05:36;service-1d1bdeaf-7f3b-11eb-bbf6-d8cb8af1e959;group1;eu;0.08763309693872702
2020-09-17 10:05:36;service-1d1bdeb0-7f3b-11eb-9a4a-d8cb8af1e959;group1;eu;0.19688168615627324
2020-09-17 10:05:36;service-1d1c0586-7f3b-11eb-bb38-d8cb8af1e959;group1;eu;0.08499771421621835
2020-09-17 10:05:36;service-1d1bdeab-7f3b-11eb-8bce-d8cb8af1e959;group1;eu;0.06999828937159498
2020-09-17 10:05:36;service-1d1bdeb1-7f3b-11eb-a6d0-d8cb8af1e959;group1;eu;0.0016053868033459962
2020-09-17 10:05:36;service-1d1bdeac-7f3b-11eb-95d1-d8cb8af1e959;group1;eu;0.16679160080787106
2020-09-17 10:01:33;service-1d1bdea9-7f3b-11eb-abf0-d8cb8af1e959;group1;eu;0.14031315640019312
2020-09-17 10:01:33;service-1d1bdeaa-7f3b-11eb-8cbf-d8cb8af1e959;group1;eu;0.20076895547229273
2020-09-17 10:01:33;service-1d1bdead-7f3b-11eb-8c6e-d8cb8af1e959;group1;eu;0.2159225412795496
2020-09-17 10:01:33;service-1d1bdeae-7f3b-11eb-bf1c-d8cb8af1e959;group1;eu;0.028298150376170162
2020-09-17 10:01:33;service-1d1bdeaf-7f3b-11eb-bbf6-d8cb8af1e959;group1;eu;0.22920053353237554
2020-09-17 10:01:33;service-1d1bdeb0-7f3b-11eb-9a4a-d8cb8af1e959;group1;eu;0.1225787790996807
2020-09-17 10:01:33;service-1d1c0586-7f3b-11eb-bb38-d8cb8af1e959;group1;eu;0.255478499534272
2020-09-17 10:01:33;service-1d1bdeab-7f3b-11eb-8bce-d8cb8af1e959;group1;eu;0.17120233067240856
2020-09-17 10:01:33;service-1d1bdeb1-7f3b-11eb-a6d0-d8cb8af1e959;group1;eu;0.20524475409021528
2020-09-17 10:01:33;service-1d1bdeac-7f3b-11eb-95d1-d8cb8af1e959;group1;eu;0.025788056634524204
2020-09-17 10:02:03;service-1d1bdea9-7f3b-11eb-abf0-d8cb8af1e959;group1;eu;0.14270326637096786
2020-09-17 10:02:03;service-1d1bdeaa-7f3b-11eb-8cbf-d8cb8af1e959;group1;eu;0.1875471319084656
2020-09-17 10:02:03;service-1d1bdead-7f3b-11eb-8c6e-d8cb8af1e959;group1;eu;0.129767975450157
2020-09-17 10:02:03;service-1d1bdeae-7f3b-11eb-bf1c-d8cb8af1e959;group1;eu;0.28748291754719807
2020-09-17 10:02:03;service-1d1bdeaf-7f3b-11eb-bbf6-d8cb8af1e959;group1;eu;0.08970995066634958
2020-09-17 10:02:03;service-1d1bdeb0-7f3b-11eb-9a4a-d8cb8af1e959;group1;eu;0.19636381622653146
2020-09-17 10:02:03;service-1d1c0586-7f3b-11eb-bb38-d8cb8af1e959;group1;eu;0.1290891574364778
2020-09-17 10:02:03;service-1d1bdeab-7f3b-11eb-8bce-d8cb8af1e959;group1;eu;0.23294687549684412
2020-09-17 10:02:03;service-1d1bdeb1-7f3b-11eb-a6d0-d8cb8af1e959;group1;eu;0.23282599845043814
2020-09-17 10:02:03;service-1d1bdeac-7f3b-11eb-95d1-d8cb8af1e959;group1;eu;0.29000793187792784
2020-09-17 10:02:33;service-1d1bdea9-7f3b-11eb-abf0-d8cb8af1e959;group1;eu;0.13494922436683496
2020-09-17 10:02:33;service-1d1bdeaa-7f3b-11eb-8cbf-d8cb8af1e959;group1;eu;0.03540812940120407
2020-09-17 10:02:33;service-1d1bdead-7f3b-11eb-8c6e-d8cb8af1e959;group1;eu;0.08759322585006027
2020-09-17 10:02:33;service-1d1bdeae-7f3b-11eb-bf1c-d8cb8af1e959;group1;eu;0.053099704531939816
2020-09-17 10:02:33;service-1d1bdeaf-7f3b-11eb-bbf6-d8cb8af1e959;group1;eu;0.19380729233870608
2020-09-17 10:02:33;service-1d1bdeb0-7f3b-11eb-9a4a-d8cb8af1e959;group1;eu;0.06763863883908777
2020-09-17 10:02:33;service-1d1c0586-7f3b-11eb-bb38-d8cb8af1e959;group1;eu;0.10119036904015241
2020-09-17 10:02:33;service-1d1bdeab-7f3b-11eb-8bce-d8cb8af1e959;group1;eu;0.025583523109914373
2020-09-17 10:02:33;service-1d1bdeb1-7f3b-11eb-a6d0-d8cb8af1e959;group1;eu;0.02989272137835423
2020-09-17 10:02:33;service-1d1bdeac-7f3b-11eb-95d1-d8cb8af1e959;group1;eu;0.06411496453272045
2020-09-17 10:03:03;service-1d1bdea9-7f3b-11eb-abf0-d8cb8af1e959;group1;eu;0.12178978686545874
2020-09-17 10:03:03;service-1d1bdeaa-7f3b-11eb-8cbf-d8cb8af1e959;group1;eu;0.02446057326149798
2020-09-17 10:03:03;service-1d1bdead-7f3b-11eb-8c6e-d8cb8af1e959;group1;eu;0.021203167382848217
2020-09-17 10:03:03;service-1d1bdeae-7f3b-11eb-bf1c-d8cb8af1e959;group1;eu;0.07777089123731323
2020-09-17 10:03:03;service-1d1bdeaf-7f3b-11eb-bbf6-d8cb8af1e959;group1;eu;0.1217988427382684
2020-09-17 10:03:03;service-1d1bdeb0-7f3b-11eb-9a4a-d8cb8af1e959;group1;eu;0.027866802020214698
2020-09-17 10:03:03;service-1d1c0586-7f3b-11eb-bb38-d8cb8af1e959;group1;eu;0.015879270104922665
2020-09-17 10:03:03;service-1d1bdeab-7f3b-11eb-8bce-d8cb8af1e959;group1;eu;0.08337694711054698
2020-09-17 10:03:03;service-1d1bdeb1-7f3b-11eb-a6d0-d8cb8af1e959;group1;eu;0.1010585766671898
2020-09-17 10:03:03;service-1d1bdeac-7f3b-11eb-95d1-d8cb8af1e959;group1;eu;0.06570811813329365
2020-09-17 10:03:33;service-1d1bdea9-7f3b-11eb-abf0-d8cb8af1e959;group1;eu;0.18336768310798224
2020-09-17 10:03:33;service-1d1bdeaa-7f3b-11eb-8cbf-d8cb8af1e959;group1;eu;0.08432860305526638
2020-09-17 10:03:33;service-1d1bdead-7f3b-11eb-8c6e-d8cb8af1e959;group1;eu;0.08227294596357758
2020-09-17 10:03:33;service-1d1bdeae-7f3b-11eb-bf1c-d8cb8af1e959;group1;eu;0.009168714930324007
2020-09-17 10:03:33;service-1d1bdeaf-7f3b-11eb-bbf6-d8cb8af1e959;group1;eu;0.160811884165923
2020-09-17 10:03:33;service-1d1bdeb0-7f3b-11eb-9a4a-d8cb8af1e959;group1;eu;0.12478098679529596
2020-09-17 10:03:33;service-1d1c0586-7f3b-11eb-bb38-d8cb8af1e959;group1;eu;0.037668029648391305
2020-09-17 10:03:33;service-1d1bdeab-7f3b-11eb-8bce-d8cb8af1e959;group1;eu;0.017996265458331332
2020-09-17 10:03:33;service-1d1bdeb1-7f3b-11eb-a6d0-d8cb8af1e959;group1;eu;0.04147509976133387
2020-09-17 10:03:33;service-1d1bdeac-7f3b-11eb-95d1-d8cb8af1e959;group1;eu;0.028436085218711354
2020-09-17 10:04:03;service-1d1bdea9-7f3b-11eb-abf0-d8cb8af1e959;group1;eu;0.3418038416274454
2020-09-17 10:04:03;service-1d1bdeaa-7f3b-11eb-8cbf-d8cb8af1e959;group1;eu;0.27256319343421764
2020-09-17 10:04:03;service-1d1bdead-7f3b-11eb-8c6e-d8cb8af1e959;group1;eu;0.24221955443886914
2020-09-17 10:04:03;service-1d1bdeae-7f3b-11eb-bf1c-d8cb8af1e959;group1;eu;0.20347958687586534
2020-09-17 10:04:03;service-1d1bdeaf-7f3b-11eb-bbf6-d8cb8af1e959;group1;eu;0.29027587333596805
2020-09-17 10:04:03;service-1d1bdeb0-7f3b-11eb-9a4a-d8cb8af1e959;group1;eu;0.2999677480325901
2020-09-17 10:04:03;service-1d1c0586-7f3b-11eb-bb38-d8cb8af1e959;group1;eu;0.1163598085398209
2020-09-17 10:04:03;service-1d1bdeab-7f3b-11eb-8bce-d8cb8af1e959;group1;eu;0.15027543434724686
2020-09-17 10:04:03;service-1d1bdeb1-7f3b-11eb-a6d0-d8cb8af1e959;group1;eu;0.11908104265922546
2020-09-17 10:04:03;service-1d1bdeac-7f3b-11eb-95d1-d8cb8af1e959;group1;eu;0.19529081594947895
2020-09-17 10:04:33;service-1d1bdea9-7f3b-11eb-abf0-d8cb8af1e959;group1;eu;0.28754424437412085
2020-09-17 10:04:33;service-1d1bdeaa-7f3b-11eb-8cbf-d8cb8af1e959;group1;eu;0.2577231299284174
2020-09-17 10:04:33;service-1d1bdead-7f3b-11eb-8c6e-d8cb8af1e959;group1;eu;0.17182336809306042
2020-09-17 10:04:33;service-1d1bdeae-7f3b-11eb-bf1c-d8cb8af1e959;group1;eu;0.16307210081229093
2020-09-17 10:04:33;service-1d1bdeaf-7f3b-11eb-bbf6-d8cb8af1e959;group1;eu;0.23365018861510514
2020-09-17 10:04:33;service-1d1bdeb0-7f3b-11eb-9a4a-d8cb8af1e959;group1;eu;0.2676794165613885
2020-09-17 10:04:33;service-1d1c0586-7f3b-11eb-bb38-d8cb8af1e959;group1;eu;0.0013058256507815305
2020-09-17 10:04:33;service-1d1bdeab-7f3b-11eb-8bce-d8cb8af1e959;group1;eu;0.08550490076670755
2020-09-17 10:04:33;service-1d1bdeb1-7f3b-11eb-a6d0-d8cb8af1e959;group1;eu;0.0323551049266664
2020-09-17 10:04:33;service-1d1bdeac-7f3b-11eb-95d1-d8cb8af1e959;group1;eu;0.1629637091476531
2020-09-17 10:05:03;service-1d1bdea9-7f3b-11eb-abf0-d8cb8af1e959;group1;eu;0.33083739721134
2020-09-17 10:05:03;service-1d1bdeaa-7f3b-11eb-8cbf-d8cb8af1e959;group1;eu;0.3245467725163418
2020-09-17 10:05:03;service-1d1bdead-7f3b-11eb-8c6e-d8cb8af1e959;group1;eu;0.17722945797155643
2020-09-17 10:05:03;service-1d1bdeae-7f3b-11eb-bf1c-d8cb8af1e959;group1;eu;0.19350142489396183
2020-09-17 10:05:03;service-1d1bdeaf-7f3b-11eb-bbf6-d8cb8af1e959;group1;eu;0.21730937216981083
2020-09-17 10:05:03;service-1d1bdeb0-7f3b-11eb-9a4a-d8cb8af1e959;group1;eu;0.2967587259604593
2020-09-17 10:05:03;service-1d1c0586-7f3b-11eb-bb38-d8cb8af1e959;group1;eu;0.005988303130107943
2020-09-17 10:05:03;service-1d1bdeab-7f3b-11eb-8bce-d8cb8af1e959;group1;eu;0.13116807343817502
2020-09-17 10:05:03;service-1d1bdeb1-7f3b-11eb-a6d0-d8cb8af1e959;group1;eu;0.05573951223921628
2020-09-17 10:05:03;service-1d1bdeac-7f3b-11eb-95d1-d8cb8af1e959;group1;eu;0.25303401771630446
2020-09-17 10:05:33;service-1d1bdea9-7f3b-11eb-abf0-d8cb8af1e959;group1;eu;0.4032523956542466
2020-09-17 10:05:33;service-1d1bdeaa-7f3b-11eb-8cbf-d8cb8af1e959;group1;eu;0.40955707508534933
2020-09-17 10:05:33;service-1d1bdead-7f3b-11eb-8c6e-d8cb8af1e959;group1;eu;0.25443567362668157
2020-09-17 10:05:33;service-1d1bdeae-7f3b-11eb-bf1c-d8cb8af1e959;group1;eu;0.258868526301582
2020-09-17 10:05:33;service-1d1bdeaf-7f3b-11eb-bbf6-d8cb8af1e959;group1;eu;0.20626431517404623
2020-09-17 10:05:33;service-1d1bdeb0-7f3b-11eb-9a4a-d8cb8af1e959;group1;eu;0.3587631891540933
2020-09-17 10:05:33;service-1d1c0586-7f3b-11eb-bb38-d8cb8af1e959;group1;eu;0.06238772595527761
2020-09-17 10:05:33;service-1d1bdeab-7f3b-11eb-8bce-d8cb8af1e959;group1;eu;0.21981220384708228
2020-09-17 10:05:33;service-1d1bdeb1-7f3b-11eb-a6d0-d8cb8af1e959;group1;eu;0.1331000525323313
2020-09-17 10:05:33;service-1d1bdeac-7f3b-11eb-95d1-d8cb8af1e959;group1;eu;0.32690661237665664
