2020-09-17 10:01:36;service-a0856b68-7f3d-11eb-a7e8-d8cb8af1e959;group1;eu;0.8573931570640344
2020-09-17 10:01:36;service-a0856b69-7f3d-11eb-bcd9-d8cb8af1e959;group1;eu;1.2283974152004182
2020-09-17 10:01:36;service-a0856b6d-7f3d-11eb-af79-d8cb8af1e959;group1;eu;2.036694763459417
2020-09-17 10:01:36;service-a0856b6c-7f3d-11eb-8578-d8cb8af1e959;group1;eu;0.2610107665193684
2020-09-17 10:01:36;service-a0856b6b-7f3d-11eb-b68a-d8cb8af1e959;group1;eu;0.4999979943016036
2020-09-17 10:01:36;service-a0856b6e-7f3d-11eb-9268-d8cb8af1e959;group1;eu;0.9321170043441532
2020-09-17 10:01:36;service-a0856b6a-7f3d-11eb-a26d-d8cb8af1e959;group1;eu;0.8363518158298404
2020-09-17 10:01:36;service-a0856b6f-7f3d-11eb-b24f-d8cb8af1e959;group1;eu;0.7505248969050121
2020-09-17 10:01:36;service-a0856b70-7f3d-11eb-a12c-d8cb8af1e959;group1;eu;0.8406260677377044
2020-09-17 10:01:36;service-a0859374-7f3d-11eb-a379-d8cb8af1e959;group1;eu;0.8052767029010345
2020-09-17 10:02:06;service-a0856b68-7f3d-11eb-a7e8-d8cb8af1e959;group1;eu;0.5686572582009625
2020-09-17 10:02:06;service-a0856b69-7f3d-11eb-bcd9-d8cb8af1e959;group1;eu;1.21879509257307
2020-09-17 10:02:06;service-a0856b6d-7f3d-11eb-af79-d8cb8af1e959;group1;eu;2.600539618461846
2020-09-17 10:02:06;service-a0856b6c-7f3d-11eb-8578-d8cb8af1e959;group1;eu;0.20418942400119205
2020-09-17 10:02:06;service-a0856b6b-7f3d-11eb-b68a-d8cb8af1e959;group1;eu;0.18825330360892129
2020-09-17 10:02:06;service-a0856b6e-7f3d-11eb-9268-d8cb8af1e959;group1;eu;0.662788838066606
2020-09-17 10:02:06;service-a0856b6a-7f3d-11eb-a26d-d8cb8af1e959;group1;eu;0.5661684569764116
2020-09-17 10:02:06;service-a0856b6f-7f3d-11eb-b24f-d8cb8af1e959;group1;eu;0.416746035166824
2020-09-17 10:02:06;service-a0856b70-7f3d-11eb-a12c-d8cb8af1e959;group1;eu;0.6142072068527653
2020-09-17 10:02:06;service-a0859374-7f3d-11eb-a379-d8cb8af1e959;group1;eu;0.44969793880335845
2020-09-17 10:02:36;service-a0856b68-7f3d-11eb-a7e8-d8cb8af1e959;group1;eu;0.2917709561077512
2020-09-17 10:02:36;service-a0856b69-7f3d-11eb-bcd9-d8cb8af1e959;group1;eu;1.0656596439658437
2020-09-17 10:02:36;service-a0856b6d-7f3d-11eb-af79-d8cb8af1e959;group1;eu;2.7169832290572864
2020-09-17 10:02:36;service-a0856b6c-7f3d-11eb-8578-d8cb8af1e959;group1;eu;0.2784153777583261
2020-09-17 10:02:36;service-a0856b6b-7f3d-11eb-b68a-d8cb8af1e959;group1;eu;0.09889502166626009
2020-09-17 10:02:36;service-a0856b6e-7f3d-11eb-9268-d8cb8af1e959;group1;eu;0.4123770716135892
2020-09-17 10:02:36;service-a0856b6a-7f3d-11eb-a26d-d8cb8af1e959;group1;eu;0.28992050736042035
2020-09-17 10:02:36;service-a0856b6f-7f3d-11eb-b24f-d8cb8af1e959;group1;eu;0.16391945045853323
2020-09-17 10:02:36;service-a0856b70-7f3d-11eb-a12c-d8cb8af1e959;group1;eu;0.4136180524911684
2020-09-17 10:02:36;service-a0859374-7f3d-11eb-a379-d8cb8af1e959;group1;eu;0.09562547777009328
2020-09-17 10:03:06;service-a0856b68-7f3d-11eb-a7e8-d8cb8af1e959;group1;eu;0.05050840097557876
2020-09-17 10:03:06;service-a0856b69-7f3d-11eb-bcd9-d8cb8af1e959;group1;eu;0.8530245714166504
2020-09-17 10:03:06;service-a0856b6d-7f3d-11eb-af79-d8cb8af1e959;group1;eu;2.832528454201681
2020-09-17 10:03:06;service-a0856b6c-7f3d-11eb-8578-d8cb8af1e959;group1;eu;0.33425447171344624
2020-09-17 10:03:06;service-a0856b6b-7f3d-11eb-b68a-d8cb8af1e959;group1;eu;0.03971771557756069
2020-09-17 10:03:06;service-a0856b6e-7f3d-11eb-9268-d8cb8af1e959;group1;eu;0.06969820359718654
2020-09-17 10:03:06;service-a0856b6a-7f3d-11eb-a26d-d8cb8af1e959;group1;eu;0.043651275398539184
2020-09-17 10:03:06;service-a0856b6f-7f3d-11eb-b24f-d8cb8af1e959;group1;eu;0.03247018575328452
2020-09-17 10:03:06;service-a0856b70-7f3d-11eb-a12c-d8cb8af1e959;group1;eu;0.21411447792639088
2020-09-17 10:03:06;service-a0859374-7f3d-11eb-a379-d8cb8af1e959;group1;eu;0.07539681017068589
2020-09-17 10:03:36;service-a0856b68-7f3d-11eb-a7e8-d8cb8af1e959;group1;eu;0.22365553553396586
2020-09-17 10:03:36;service-a0856b69-7f3d-11eb-bcd9-d8cb8af1e959;group1;eu;0.535273153027444
2020-09-17 10:03:36;service-a0856b6d-7f3d-11eb-af79-d8cb8af1e959;group1;eu;2.96810178976516
2020-09-17 10:03:36;service-a0856b6c-7f3d-11eb-8578-d8cb8af1e959;group1;eu;0.4004657412007197
2020-09-17 10:03:36;service-a0856b6b-7f3d-11eb-b68a-d8cb8af1e959;group1;eu;0.15390291804474204
2020-09-17 10:03:36;service-a0856b6e-7f3d-11eb-9268-d8cb8af1e959;group1;eu;0.08976107500703805
2020-09-17 10:03:36;service-a0856b6a-7f3d-11eb-a26d-d8cb8af1e959;group1;eu;0.20633116143470678
2020-09-17 10:03:36;service-a0856b6f-7f3d-11eb-b24f-d8cb8af1e959;group1;eu;0.25038153861956947
2020-09-17 10:03:36;service-a0856b70-7f3d-11eb-a12c-d8cb8af1e959;group1;eu;0.03836747067312493
2020-09-17 10:03:36;service-a0859374-7f3d-11eb-a379-d8cb8af1e959;group1;eu;0.21276892088425245
2020-09-17 10:04:06;service-a0856b68-7f3d-11eb-a7e8-d8cb8af1e959;group1;eu;0.2571228284673554
2020-09-17 10:04:06;service-a0856b69-7f3d-11eb-bcd9-d8cb8af1e959;group1;eu;0.11674710197059905
2020-09-17 10:04:06;service-a0856b6d-7f3d-11eb-af79-d8cb8af1e959;group1;eu;2.9654414636979958
2020-09-17 10:04:06;service-a0856b6c-7f3d-11eb-8578-d8cb8af1e959;group1;eu;0.41349829482529515
2020-09-17 10:04:06;service-a0856b6b-7f3d-11eb-b68a-d8cb8af1e959;group1;eu;0.2328075929964959
2020-09-17 10:04:06;service-a0856b6e-7f3d-11eb-9268-d8cb8af1e959;group1;eu;0.13446650664011714
2020-09-17 10:04:06;service-a0856b6a-7f3d-11eb-a26d-d8cb8af1e959;group1;eu;0.33282762834841173
2020-09-17 10:04:06;service-a0856b6f-7f3d-11eb-b24f-d8cb8af1e959;group1;eu;0.3053166784187912
2020-09-17 10:04:06;service-a0856b70-7f3d-11eb-a12c-d8cb8af1e959;group1;eu;0.23983500727317944
2020-09-17 10:04:06;service-a0859374-7f3d-11eb-a379-d8cb8af1e959;group1;eu;0.3340901946863465
2020-09-17 10:04:36;service-a0856b68-7f3d-11eb-a7e8-d8cb8af1e959;group1;eu;0.15149361612156395
2020-09-17 10:04:36;service-a0856b69-7f3d-11eb-bcd9-d8cb8af1e959;group1;eu;0.17311048736292747
2020-09-17 10:04:36;service-a0856b6d-7f3d-11eb-af79-d8cb8af1e959;group1;eu;2.673973759081694
2020-09-17 10:04:36;service-a0856b6c-7f3d-11eb-8578-d8cb8af1e959;group1;eu;0.32023752350957635
2020-09-17 10:04:36;service-a0856b6b-7f3d-11eb-b68a-d8cb8af1e959;group1;eu;0.13905801735919981
2020-09-17 10:04:36;service-a0856b6e-7f3d-11eb-9268-d8cb8af1e959;group1;eu;0.057467454806342945
2020-09-17 10:04:36;service-a0856b6a-7f3d-11eb-a26d-d8cb8af1e959;group1;eu;0.35043940999627055
2020-09-17 10:04:36;service-a0856b6f-7f3d-11eb-b24f-d8cb8af1e959;group1;eu;0.23263146839067508
2020-09-17 10:04:36;service-a0856b70-7f3d-11eb-a12c-d8cb8af1e959;group1;eu;0.2568562216980338
2020-09-17 10:04:36;service-a0859374-7f3d-11eb-a379-d8cb8af1e959;group1;eu;0.2997635160413152
2020-09-17 10:05:06;service-a0856b68-7f3d-11eb-a7e8-d8cb8af1e959;group1;eu;0.006415092428949812
2020-09-17 10:05:06;service-a0856b69-7f3d-11eb-bcd9-d8cb8af1e959;group1;eu;0.33154259352097076
2020-09-17 10:05:06;service-a0856b6d-7f3d-11eb-af79-d8cb8af1e959;group1;eu;2.4694506839517043
2020-09-17 10:05:06;service-a0856b6c-7f3d-11eb-8578-d8cb8af1e959;group1;eu;0.2674622108661118
2020-09-17 10:05:06;service-a0856b6b-7f3d-11eb-b68a-d8cb8af1e959;group1;eu;0.22589162594947101
2020-09-17 10:05:06;service-a0856b6e-7f3d-11eb-9268-d8cb8af1e959;group1;eu;0.04078766189226059
2020-09-17 10:05:06;service-a0856b6a-7f3d-11eb-a26d-d8cb8af1e959;group1;eu;0.34825486295766045
2020-09-17 10:05:06;service-a0856b6f-7f3d-11eb-b24f-d8cb8af1e959;group1;eu;0.19905074091627536
2020-09-17 10:05:06;service-a0856b70-7f3d-11eb-a12c-d8cb8af1e959;group1;eu;0.29089991812736016
2020-09-17 10:05:06;service-a0859374-7f3d-11eb-a379-d8cb8af1e959;group1;eu;0.31112556867893176
2020-09-17 10:05:36;service-a0856b68-7f3d-11eb-a7e8-d8cb8af1e959;group1;eu;0.23353671079289326
2020-09-17 10:05:36;service-a0856b69-7f3d-11eb-bcd9-d8cb8af1e959;group1;eu;0.3196461865770733
2020-09-17 10:05:36;service-a0856b6d-7f3d-11eb-af79-d8cb8af1e959;group1;eu;2.0520011950607966
2020-09-17 10:05:36;service-a0856b6c-7f3d-11eb-8578-d8cb8af1e959;group1;eu;0.13769096955628585
2020-09-17 10:05:36;service-a0856b6b-7f3d-11eb-b68a-d8cb8af1e959;group1;eu;0.13700857606630673
2020-09-17 10:05:36;service-a0856b6e-7f3d-11eb-9268-d8cb8af1e959;group1;eu;0.12295699026544606
2020-09-17 10:05:36;service-a0856b6a-7f3d-11eb-a26d-d8cb8af1e959;group1;eu;0.24096889332938848
2020-09-17 10:05:36;service-a0856b6f-7f3d-11eb-b24f-d8cb8af1e959;group1;eu;0.0041678644007092
2020-09-17 10:05:36;service-a0856b70-7f3d-11eb-a12c-d8cb8af1e959;group1;eu;0.23092420696403881
2020-09-17 10:05:36;service-a0859374-7f3d-11eb-a379-d8cb8af1e959;group1;eu;0.2600495268604321
2020-09-17 10:01:30;service-a0856b68-7f3d-11eb-a7e8-d8cb8af1e959;group1;eu;0.45518505915056495
2020-09-17 10:01:30;service-a0856b69-7f3d-11eb-bcd9-d8cb8af1e959;group1;eu;0.16825729841002024
2020-09-17 10:01:30;service-a0856b6d-7f3d-11eb-af79-d8cb8af1e959;group1;eu;1.2951745622405892
2020-09-17 10:01:30;service-a0856b6c-7f3d-11eb-8578-d8cb8af1e959;group1;eu;0.3526246658051265
2020-09-17 10:01:30;service-a0856b6b-7f3d-11eb-b68a-d8cb8af1e959;group1;eu;0.2965777242053812
2020-09-17 10:01:30;service-a0856b6e-7f3d-11eb-9268-d8cb8af1e959;group1;eu;0.6187765190571409
2020-09-17 10:01:30;service-a0856b6a-7f3d-11eb-a26d-d8cb8af1e959;group1;eu;0.22714062015409864
2020-09-17 10:01:30;service-a0856b6f-7f3d-11eb-b24f-d8cb8af1e959;group1;eu;0.49236783446337723
2020-09-17 10:01:30;service-a0856b70-7f3d-11eb-a12c-d8cb8af1e959;group1;eu;0.2933183701835442
2020-09-17 10:01:30;service-a0859374-7f3d-11eb-a379-d8cb8af1e959;group1;eu;0.29470494388517465
2020-09-17 10:02:00;service-a0856b68-7f3d-11eb-a7e8-d8cb8af1e959;group1;eu;0.1353767388861923
2020-09-17 10:02:00;service-a0856b69-7f3d-11eb-bcd9-d8cb8af1e959;group1;eu;0.12416667858350766
2020-09-17 10:02:00;service-a0856b6d-7f3d-11eb-af79-d8cb8af1e959;group1;eu;1.1833329835723383
2020-09-17 10:02:00;service-a0856b6c-7f3d-11eb-8578-d8cb8af1e959;group1;eu;0.003914414790002559
2020-09-17 10:02:00;service-a0856b6b-7f3d-11eb-b68a-d8cb8af1e959;group1;eu;0.1658938732991149
2020-09-17 10:02:00;service-a0856b6e-7f3d-11eb-9268-d8cb8af1e959;group1;eu;0.2965515297200938
2020-09-17 10:02:00;service-a0856b6a-7f3d-11eb-a26d-d8cb8af1e959;group1;eu;0.21681591195939995
2020-09-17 10:02:00;service-a0856b6f-7f3d-11eb-b24f-d8cb8af1e959;group1;eu;0.051215168554624185
2020-09-17 10:02:00;service-a0856b70-7f3d-11eb-a12c-d8cb8af1e959;group1;eu;0.034506604636699675
2020-09-17 10:02:00;service-a0859374-7f3d-11eb-a379-d8cb8af1e959;group1;eu;0.1006790611860108
2020-09-17 10:02:30;service-a0856b68-7f3d-11eb-a7e8-d8cb8af1e959;group1;eu;0.2914675948739723
2020-09-17 10:02:30;service-a0856b69-7f3d-11eb-bcd9-d8cb8af1e959;group1;eu;0.18918860226947212
2020-09-17 10:02:30;service-a0856b6d-7f3d-11eb-af79-d8cb8af1e959;group1;eu;0.9413060735955282
2020-09-17 10:02:30;service-a0856b6c-7f3d-11eb-8578-d8cb8af1e959;group1;eu;0.2592632619642323
2020-09-17 10:02:30;service-a0856b6b-7f3d-11eb-b68a-d8cb8af1e959;group1;eu;0.05426784861437126
2020-09-17 10:02:30;service-a0856b6e-7f3d-11eb-9268-d8cb8af1e959;group1;eu;0.44409783607826914
2020-09-17 10:02:30;service-a0856b6a-7f3d-11eb-a26d-d8cb8af1e959;group1;eu;0.013426561723945058
2020-09-17 10:02:30;service-a0856b6f-7f3d-11eb-b24f-d8cb8af1e959;group1;eu;0.3095274505625309
2020-09-17 10:02:30;service-a0856b70-7f3d-11eb-a12c-d8cb8af1e959;group1;eu;0.28497962560676926
2020-09-17 10:02:30;service-a0859374-7f3d-11eb-a379-d8cb8af1e959;group1;eu;0.24314774630913263
2020-09-17 10:03:00;service-a0856b68-7f3d-11eb-a7e8-d8cb8af1e959;group1;eu;0.04281280719046436
2020-09-17 10:03:00;service-a0856b69-7f3d-11eb-bcd9-d8cb8af1e959;group1;eu;0.1644018613899825
2020-09-17 10:03:00;service-a0856b6d-7f3d-11eb-af79-d8cb8af1e959;group1;eu;0.6699426531726657
2020-09-17 10:03:00;service-a0856b6c-7f3d-11eb-8578-d8cb8af1e959;group1;eu;0.1599634183799394
2020-09-17 10:03:00;service-a0856b6b-7f3d-11eb-b68a-d8cb8af1e959;group1;eu;0.33105283418648274
2020-09-17 10:03:00;service-a0856b6e-7f3d-11eb-9268-d8cb8af1e959;group1;eu;0.09449735686531317
2020-09-17 10:03:00;service-a0856b6a-7f3d-11eb-a26d-d8cb8af1e959;group1;eu;0.35802204823967176
2020-09-17 10:03:00;service-a0856b6f-7f3d-11eb-b24f-d8cb8af1e959;group1;eu;0.08166930022970838
2020-09-17 10:03:00;service-a0856b70-7f3d-11eb-a12c-d8cb8af1e959;group1;eu;0.008939896616470829
2020-09-17 10:03:00;service-a0859374-7f3d-11eb-a379-d8cb8af1e959;group1;eu;0.10471346699832706
2020-09-17 10:03:30;service-a0856b68-7f3d-11eb-a7e8-d8cb8af1e959;group1;eu;0.022963817739988474
2020-09-17 10:03:30;service-a0856b69-7f3d-11eb-bcd9-d8cb8af1e959;group1;eu;0.18526818550919197
2020-09-17 10:03:30;service-a0856b6d-7f3d-11eb-af79-d8cb8af1e959;group1;eu;0.34903677566724
2020-09-17 10:03:30;service-a0856b6c-7f3d-11eb-8578-d8cb8af1e959;group1;eu;0.2854948949824892
2020-09-17 10:03:30;service-a0856b6b-7f3d-11eb-b68a-d8cb8af1e959;group1;eu;0.36654646969639737
2020-09-17 10:03:30;service-a0856b6e-7f3d-11eb-9268-d8cb8af1e959;group1;eu;0.03514810506368537
2020-09-17 10:03:30;service-a0856b6a-7f3d-11eb-a26d-d8cb8af1e959;group1;eu;0.39009241909737374
2020-09-17 10:03:30;service-a0856b6f-7f3d-11eb-b24f-d8cb8af1e959;group1;eu;0.1989015643431016
2020-09-17 10:03:30;service-a0856b70-7f3d-11eb-a12c-d8cb8af1e959;group1;eu;0.04504603768768761
2020-09-17 10:03:30;service-a0859374-7f3d-11eb-a379-d8cb8af1e959;group1;eu;0.12414912195085981
2020-09-17 10:04:00;service-a0856b68-7f3d-11eb-a7e8-d8cb8af1e959;group1;eu;0.24047120063515237
2020-09-17 10:04:00;service-a0856b69-7f3d-11eb-bcd9-d8cb8af1e959;group1;eu;0.07267082075004327
2020-09-17 10:04:00;service-a0856b6d-7f3d-11eb-af79-d8cb8af1e959;group1;eu;0.3586482441877523
2020-09-17 10:04:00;service-a0856b6c-7f3d-11eb-8578-d8cb8af1e959;group1;eu;0.08964192210819732
2020-09-17 10:04:00;service-a0856b6b-7f3d-11eb-b68a-d8cb8af1e959;group1;eu;0.11590318209657745
2020-09-17 10:04:00;service-a0856b6e-7f3d-11eb-9268-d8cb8af1e959;group1;eu;0.24933132821252726
2020-09-17 10:04:00;service-a0856b6a-7f3d-11eb-a26d-d8cb8af1e959;group1;eu;0.15997985062441766
2020-09-17 10:04:00;service-a0856b6f-7f3d-11eb-b24f-d8cb8af1e959;group1;eu;0.026550185160258203
2020-09-17 10:04:00;service-a0856b70-7f3d-11eb-a12c-d8cb8af1e959;group1;eu;0.20004675291144713
2020-09-17 10:04:00;service-a0859374-7f3d-11eb-a379-d8cb8af1e959;group1;eu;0.2021248529179405
2020-09-17 10:04:30;service-a0856b68-7f3d-11eb-a7e8-d8cb8af1e959;group1;eu;0.29096139384986097
2020-09-17 10:04:30;service-a0856b69-7f3d-11eb-bcd9-d8cb8af1e959;group1;eu;0.10499620179008747
2020-09-17 10:04:30;service-a0856b6d-7f3d-11eb-af79-d8cb8af1e959;group1;eu;0.2561720554376616
2020-09-17 10:04:30;service-a0856b6c-7f3d-11eb-8578-d8cb8af1e959;group1;eu;0.06871484544474264
2020-09-17 10:04:30;service-a0856b6b-7f3d-11eb-b68a-d8cb8af1e959;group1;eu;0.028748277416814128
2020-09-17 10:04:30;service-a0856b6e-7f3d-11eb-9268-d8cb8af1e959;group1;eu;0.26634887196171086
2020-09-17 10:04:30;service-a0856b6a-7f3d-11eb-a26d-d8cb8af1e959;group1;eu;0.02057360678225726
2020-09-17 10:04:30;service-a0856b6f-7f3d-11eb-b24f-d8cb8af1e959;group1;eu;0.007269297246103633
2020-09-17 10:04:30;service-a0856b70-7f3d-11eb-a12c-d8cb8af1e959;group1;eu;0.23110913095026886
2020-09-17 10:04:30;service-a0859374-7f3d-11eb-a379-d8cb8af1e959;group1;eu;0.23078532437221427
2020-09-17 10:05:00;service-a0856b68-7f3d-11eb-a7e8-d8cb8af1e959;group1;eu;0.37366095831012025
2020-09-17 10:05:00;service-a0856b69-7f3d-11eb-bcd9-d8cb8af1e959;group1;eu;0.17894469694019863
2020-09-17 10:05:00;service-a0856b6d-7f3d-11eb-af79-d8cb8af1e959;group1;eu;0.21082160445348733
2020-09-17 10:05:00;service-a0856b6c-7f3d-11eb-8578-d8cb8af1e959;group1;eu;0.01486161748305503
2020-09-17 10:05:00;service-a0856b6b-7f3d-11eb-b68a-d8cb8af1e959;group1;eu;0.22488809967547596
2020-09-17 10:05:00;service-a0856b6e-7f3d-11eb-9268-d8cb8af1e959;group1;eu;0.32398858249530504
2020-09-17 10:05:00;service-a0856b6a-7f3d-11eb-a26d-d8cb8af1e959;group1;eu;0.20534755901974455
2020-09-17 10:05:00;service-a0856b6f-7f3d-11eb-b24f-d8cb8af1e959;group1;eu;0.06332559611558
2020-09-17 10:05:00;service-a0856b70-7f3d-11eb-a12c-d8cb8af1e959;group1;eu;0.29154414770218195
2020-09-17 10:05:00;service-a0859374-7f3d-11eb-a379-d8cb8af1e959;group1;eu;0.27062869112096904
2020-09-17 10:05:30;service-a0856b68-7f3d-11eb-a7e8-d8cb8af1e959;group1;eu;0.4361421553098125
2020-09-17 10:05:30;service-a0856b69-7f3d-11eb-bcd9-d8cb8af1e959;group1;eu;0.18958869303622072
2020-09-17 10:05:30;service-a0856b6d-7f3d-11eb-af79-d8cb8af1e959;group1;eu;0.1537842941833893
2020-09-17 10:05:30;service-a0856b6c-7f3d-11eb-8578-d8cb8af1e959;group1;eu;0.09228918170970846
2020-09-17 10:05:30;service-a0856b6b-7f3d-11eb-b68a-d8cb8af1e959;group1;eu;0.37628925411668035
2020-09-17 10:05:30;service-a0856b6e-7f3d-11eb-9268-d8cb8af1e959;group1;eu;0.3577266671333444
2020-09-17 10:05:30;service-a0856b6a-7f3d-11eb-a26d-d8cb8af1e959;group1;eu;0.3709751420036428
2020-09-17 10:05:30;service-a0856b6f-7f3d-11eb-b24f-d8cb8af1e959;group1;eu;0.11165190964897208
2020-09-17 10:05:30;service-a0856b70-7f3d-11eb-a12c-d8cb8af1e959;group1;eu;0.3126756368468303
2020-09-17 10:05:30;service-a0859374-7f3d-11eb-a379-d8cb8af1e959;group1;eu;0.31721338584081904
2020-09-17 10:06:00;service-a0856b68-7f3d-11eb-a7e8-d8cb8af1e959;group1;eu;0.4475035071797103
2020-09-17 10:06:00;service-a0856b69-7f3d-11eb-bcd9-d8cb8af1e959;group1;eu;0.1764691543236455
2020-09-17 10:06:00;service-a0856b6d-7f3d-11eb-af79-d8cb8af1e959;group1;eu;0.08022598177295237
2020-09-17 10:06:00;service-a0856b6c-7f3d-11eb-8578-d8cb8af1e959;group1;eu;0.14619038986233981
2020-09-17 10:06:00;service-a0856b6b-7f3d-11eb-b68a-d8cb8af1e959;group1;eu;0.48748238996086213
2020-09-17 10:06:00;service-a0856b6e-7f3d-11eb-9268-d8cb8af1e959;group1;eu;0.3865618154869061
2020-09-17 10:06:00;service-a0856b6a-7f3d-11eb-a26d-d8cb8af1e959;group1;eu;0.4768311246759523
2020-09-17 10:06:00;service-a0856b6f-7f3d-11eb-b24f-d8cb8af1e959;group1;eu;0.13549578863247058
2020-09-17 10:06:00;service-a0856b70-7f3d-11eb-a12c-d8cb8af1e959;group1;eu;0.32361504932681806
2020-09-17 10:06:00;service-a0859374-7f3d-11eb-a379-d8cb8af1e959;group1;eu;0.29929909655649733
2020-09-17 10:01:30;service-a0856b68-7f3d-11eb-a7e8-d8cb8af1e959;group1;eu;0.24946790986327805
2020-09-17 10:01:30;service-a0856b69-7f3d-11eb-bcd9-d8cb8af1e959;group1;eu;0.24179150764458815
2020-09-17 10:01:30;service-a0856b6d-7f3d-11eb-af79-d8cb8af1e959;group1;eu;0.0032109890463164668
2020-09-17 10:01:30;service-a0856b6c-7f3d-11eb-8578-d8cb8af1e959;group1;eu;0.15188614258447047
2020-09-17 10:01:30;service-a0856b6b-7f3d-11eb-b68a-d8cb8af1e959;group1;eu;0.16719626507563073
2020-09-17 10:01:30;service-a0856b6e-7f3d-11eb-9268-d8cb8af1e959;group1;eu;0.23444314224593624
2020-09-17 10:01:30;service-a0856b6a-7f3d-11eb-a26d-d8cb8af1e959;group1;eu;0.27847243415835665
2020-09-17 10:01:30;service-a0856b6f-7f3d-11eb-b24f-d8cb8af1e959;group1;eu;0.0943618084486001
2020-09-17 10:01:30;service-a0856b70-7f3d-11eb-a12c-d8cb8af1e959;group1;eu;0.2129790263022096
2020-09-17 10:01:30;service-a0859374-7f3d-11eb-a379-d8cb8af1e959;group1;eu;0.26604130441927004
2020-09-17 10:02:00;service-a0856b68-7f3d-11eb-a7e8-d8cb8af1e959;group1;eu;0.33428736630023925
2020-09-17 10:02:00;service-a0856b69-7f3d-11eb-bcd9-d8cb8af1e959;group1;eu;0.26634072530030095
2020-09-17 10:02:00;service-a0856b6d-7f3d-11eb-af79-d8cb8af1e959;group1;eu;0.4132038009542855
2020-09-17 10:02:00;service-a0856b6c-7f3d-11eb-8578-d8cb8af1e959;group1;eu;0.39404467220317385
2020-09-17 10:02:00;service-a0856b6b-7f3d-11eb-b68a-d8cb8af1e959;group1;eu;0.2971221103287365
2020-09-17 10:02:00;service-a0856b6e-7f3d-11eb-9268-d8cb8af1e959;group1;eu;0.23980770064659618
2020-09-17 10:02:00;service-a0856b6a-7f3d-11eb-a26d-d8cb8af1e959;group1;eu;0.3102479719145087
2020-09-17 10:02:00;service-a0856b6f-7f3d-11eb-b24f-d8cb8af1e959;group1;eu;0.4548179823254327
2020-09-17 10:02:00;service-a0856b70-7f3d-11eb-a12c-d8cb8af1e959;group1;eu;0.323346570115298
2020-09-17 10:02:00;service-a0859374-7f3d-11eb-a379-d8cb8af1e959;group1;eu;0.030464189540080514
2020-09-17 10:02:30;service-a0856b68-7f3d-11eb-a7e8-d8cb8af1e959;group1;eu;0.3815984571434924
2020-09-17 10:02:30;service-a0856b69-7f3d-11eb-bcd9-d8cb8af1e959;group1;eu;0.31028394295861933
2020-09-17 10:02:30;service-a0856b6d-7f3d-11eb-af79-d8cb8af1e959;group1;eu;0.4257737154929926
2020-09-17 10:02:30;service-a0856b6c-7f3d-11eb-8578-d8cb8af1e959;group1;eu;0.4968449464011612
2020-09-17 10:02:30;service-a0856b6b-7f3d-11eb-b68a-d8cb8af1e959;group1;eu;0.2965095126338568
2020-09-17 10:02:30;service-a0856b6e-7f3d-11eb-9268-d8cb8af1e959;group1;eu;0.31219942065789724
2020-09-17 10:02:30;service-a0856b6a-7f3d-11eb-a26d-d8cb8af1e959;group1;eu;0.34555231309577533
2020-09-17 10:02:30;service-a0856b6f-7f3d-11eb-b24f-d8cb8af1e959;group1;eu;0.4407069226904939
2020-09-17 10:02:30;service-a0856b70-7f3d-11eb-a12c-d8cb8af1e959;group1;eu;0.3277900892022032
2020-09-17 10:02:30;service-a0859374-7f3d-11eb-a379-d8cb8af1e959;group1;eu;0.14841807808196458
2020-09-17 10:03:00;service-a0856b68-7f3d-11eb-a7e8-d8cb8af1e959;group1;eu;0.2895035792360038
2020-09-17 10:03:00;service-a0856b69-7f3d-11eb-bcd9-d8cb8af1e959;group1;eu;0.19743634369860458
2020-09-17 10:03:00;service-a0856b6d-7f3d-11eb-af79-d8cb8af1e959;group1;eu;0.3371354665606038
2020-09-17 10:03:00;service-a0856b6c-7f3d-11eb-8578-d8cb8af1e959;group1;eu;0.4097000950878475
2020-09-17 10:03:00;service-a0856b6b-7f3d-11eb-b68a-d8cb8af1e959;group1;eu;0.25122172996448605
2020-09-17 10:03:00;service-a0856b6e-7f3d-11eb-9268-d8cb8af1e959;group1;eu;0.15192643228579855
2020-09-17 10:03:00;service-a0856b6a-7f3d-11eb-a26d-d8cb8af1e959;group1;eu;0.19018939476880842
2020-09-17 10:03:00;service-a0856b6f-7f3d-11eb-b24f-d8cb8af1e959;group1;eu;0.25880679988724015
2020-09-17 10:03:00;service-a0856b70-7f3d-11eb-a12c-d8cb8af1e959;group1;eu;0.1859754711505965
2020-09-17 10:03:00;service-a0859374-7f3d-11eb-a379-d8cb8af1e959;group1;eu;0.15174211152876008
2020-09-17 10:03:30;service-a0856b68-7f3d-11eb-a7e8-d8cb8af1e959;group1;eu;0.0685622375823904
2020-09-17 10:03:30;service-a0856b69-7f3d-11eb-bcd9-d8cb8af1e959;group1;eu;0.10813097699492286
2020-09-17 10:03:30;service-a0856b6d-7f3d-11eb-af79-d8cb8af1e959;group1;eu;0.17495109997459835
2020-09-17 10:03:30;service-a0856b6c-7f3d-11eb-8578-d8cb8af1e959;group1;eu;0.25687204949921993
2020-09-17 10:03:30;service-a0856b6b-7f3d-11eb-b68a-d8cb8af1e959;group1;eu;0.1642020000752816
2020-09-17 10:03:30;service-a0856b6e-7f3d-11eb-9268-d8cb8af1e959;group1;eu;0.0942273919660337
2020-09-17 10:03:30;service-a0856b6a-7f3d-11eb-a26d-d8cb8af1e959;group1;eu;0.034241387124461946
2020-09-17 10:03:30;service-a0856b6f-7f3d-11eb-b24f-d8cb8af1e959;group1;eu;0.0012846756423985602
2020-09-17 10:03:30;service-a0856b70-7f3d-11eb-a12c-d8cb8af1e959;group1;eu;0.03832737047866597
2020-09-17 10:03:30;service-a0859374-7f3d-11eb-a379-d8cb8af1e959;group1;eu;0.025877283053115045
2020-09-17 10:04:00;service-a0856b68-7f3d-11eb-a7e8-d8cb8af1e959;group1;eu;0.054224707875956325
2020-09-17 10:04:00;service-a0856b69-7f3d-11eb-bcd9-d8cb8af1e959;group1;eu;0.18472186769305593
2020-09-17 10:04:00;service-a0856b6d-7f3d-11eb-af79-d8cb8af1e959;group1;eu;0.10086011022720873
2020-09-17 10:04:00;service-a0856b6c-7f3d-11eb-8578-d8cb8af1e959;group1;eu;0.2053489880838074
2020-09-17 10:04:00;service-a0856b6b-7f3d-11eb-b68a-d8cb8af1e959;group1;eu;0.14107219303664253
2020-09-17 10:04:00;service-a0856b6e-7f3d-11eb-9268-d8cb8af1e959;group1;eu;0.21131188357908032
2020-09-17 10:04:00;service-a0856b6a-7f3d-11eb-a26d-d8cb8af1e959;group1;eu;0.10097505188910104
2020-09-17 10:04:00;service-a0856b6f-7f3d-11eb-b24f-d8cb8af1e959;group1;eu;0.1616373203671106
2020-09-17 10:04:00;service-a0856b70-7f3d-11eb-a12c-d8cb8af1e959;group1;eu;0.059624116920735645
2020-09-17 10:04:00;service-a0859374-7f3d-11eb-a379-d8cb8af1e959;group1;eu;0.08573592626753809
2020-09-17 10:04:30;service-a0856b68-7f3d-11eb-a7e8-d8cb8af1e959;group1;eu;0.34454909696297575
2020-09-17 10:04:30;service-a0856b69-7f3d-11eb-bcd9-d8cb8af1e959;group1;eu;0.05413758965312724
2020-09-17 10:04:30;service-a0856b6d-7f3d-11eb-af79-d8cb8af1e959;group1;eu;0.25062641592974283
2020-09-17 10:04:30;service-a0856b6c-7f3d-11eb-8578-d8cb8af1e959;group1;eu;0.16321687455033526
2020-09-17 10:04:30;service-a0856b6b-7f3d-11eb-b68a-d8cb8af1e959;group1;eu;0.1953250391280025
2020-09-17 10:04:30;service-a0856b6e-7f3d-11eb-9268-d8cb8af1e959;group1;eu;0.5247013505092801
2020-09-17 10:04:30;service-a0856b6a-7f3d-11eb-a26d-d8cb8af1e959;group1;eu;0.36939957172492405
2020-09-17 10:04:30;service-a0856b6f-7f3d-11eb-b24f-d8cb8af1e959;group1;eu;0.5026621652782538
2020-09-17 10:04:30;service-a0856b70-7f3d-11eb-a12c-d8cb8af1e959;group1;eu;0.32766524269871944
2020-09-17 10:04:30;service-a0859374-7f3d-11eb-a379-d8cb8af1e959;group1;eu;0.39306584596744654
2020-09-17 10:05:00;service-a0856b68-7f3d-11eb-a7e8-d8cb8af1e959;group1;eu;0.5832344982254982
2020-09-17 10:05:00;service-a0856b69-7f3d-11eb-bcd9-d8cb8af1e959;group1;eu;0.3426374853044311
2020-09-17 10:05:00;service-a0856b6d-7f3d-11eb-af79-d8cb8af1e959;group1;eu;0.5442131596368422
2020-09-17 10:05:00;service-a0856b6c-7f3d-11eb-8578-d8cb8af1e959;group1;eu;0.5146071376878625
2020-09-17 10:05:00;service-a0856b6b-7f3d-11eb-b68a-d8cb8af1e959;group1;eu;0.5024648522540842
2020-09-17 10:05:00;service-a0856b6e-7f3d-11eb-9268-d8cb8af1e959;group1;eu;0.7316177969926975
2020-09-17 10:05:00;service-a0856b6a-7f3d-11eb-a26d-d8cb8af1e959;group1;eu;0.5935944808515158
2020-09-17 10:05:00;service-a0856b6f-7f3d-11eb-b24f-d8cb8af1e959;group1;eu;0.7407106720236801
2020-09-17 10:05:00;service-a0856b70-7f3d-11eb-a12c-d8cb8af1e959;group1;eu;0.567965870662924
2020-09-17 10:05:00;service-a0859374-7f3d-11eb-a379-d8cb8af1e959;group1;eu;0.6414947625252779
2020-09-17 10:05:30;service-a0856b68-7f3d-11eb-a7e8-d8cb8af1e959;group1;eu;0.6201200079180352
2020-09-17 10:05:30;service-a0856b69-7f3d-11eb-bcd9-d8cb8af1e959;group1;eu;0.36384036258550817
2020-09-17 10:05:30;service-a0856b6d-7f3d-11eb-af79-d8cb8af1e959;group1;eu;0.6163710699867015
2020-09-17 10:05:30;service-a0856b6c-7f3d-11eb-8578-d8cb8af1e959;group1;eu;0.6102629912707039
2020-09-17 10:05:30;service-a0856b6b-7f3d-11eb-b68a-d8cb8af1e959;group1;eu;0.5691764338901502
2020-09-17 10:05:30;service-a0856b6e-7f3d-11eb-9268-d8cb8af1e959;group1;eu;0.781552366894203
2020-09-17 10:05:30;service-a0856b6a-7f3d-11eb-a26d-d8cb8af1e959;group1;eu;0.6136683259570322
2020-09-17 10:05:30;service-a0856b6f-7f3d-11eb-b24f-d8cb8af1e959;group1;eu;0.822022904840281
2020-09-17 10:05:30;service-a0856b70-7f3d-11eb-a12c-d8cb8af1e959;group1;eu;0.6096468130546916
2020-09-17 10:05:30;service-a0859374-7f3d-11eb-a379-d8cb8af1e959;group1;eu;0.6973790105481206
2020-09-17 10:06:00;service-a0856b68-7f3d-11eb-a7e8-d8cb8af1e959;group1;eu;0.6343579482967916
2020-09-17 10:06:00;service-a0856b69-7f3d-11eb-bcd9-d8cb8af1e959;group1;eu;0.36964478043412885
2020-09-17 10:06:00;service-a0856b6d-7f3d-11eb-af79-d8cb8af1e959;group1;eu;0.6538895592483983
2020-09-17 10:06:00;service-a0856b6c-7f3d-11eb-8578-d8cb8af1e959;group1;eu;0.6573109837970929
2020-09-17 10:06:00;service-a0856b6b-7f3d-11eb-b68a-d8cb8af1e959;group1;eu;0.614928169237266
2020-09-17 10:06:00;service-a0856b6e-7f3d-11eb-9268-d8cb8af1e959;group1;eu;0.8170800532511507
2020-09-17 10:06:00;service-a0856b6a-7f3d-11eb-a26d-d8cb8af1e959;group1;eu;0.6131046162176397
2020-09-17 10:06:00;service-a0856b6f-7f3d-11eb-b24f-d8cb8af1e959;group1;eu;0.8598804720731925
2020-09-17 10:06:00;service-a0856b70-7f3d-11eb-a12c-d8cb8af1e959;group1;eu;0.6289686912389629
2020-09-17 10:06:00;service-a0859374-7f3d-11eb-a379-d8cb8af1e959;group1;eu;0.7176232330355794
2020-09-17 10:01:30;service-a0856b68-7f3d-11eb-a7e8-d8cb8af1e959;group1;eu;0.8336926272378711
2020-09-17 10:01:30;service-a0856b69-7f3d-11eb-bcd9-d8cb8af1e959;group1;eu;0.7811012189157162
2020-09-17 10:01:30;service-a0856b6d-7f3d-11eb-af79-d8cb8af1e959;group1;eu;0.842111487202555
2020-09-17 10:01:30;service-a0856b6c-7f3d-11eb-8578-d8cb8af1e959;group1;eu;0.8792959229787544
2020-09-17 10:01:30;service-a0856b6b-7f3d-11eb-b68a-d8cb8af1e959;group1;eu;0.8454683214180815
2020-09-17 10:01:30;service-a0856b6e-7f3d-11eb-9268-d8cb8af1e959;group1;eu;0.916358987642764
2020-09-17 10:01:30;service-a0856b6a-7f3d-11eb-a26d-d8cb8af1e959;group1;eu;0.8394689896411128
2020-09-17 10:01:30;service-a0856b6f-7f3d-11eb-b24f-d8cb8af1e959;group1;eu;0.8793919212371347
2020-09-17 10:01:30;service-a0856b70-7f3d-11eb-a12c-d8cb8af1e959;group1;eu;0.8695213468738523
2020-09-17 10:01:30;service-a0859374-7f3d-11eb-a379-d8cb8af1e959;group1;eu;0.871376902577543
2020-09-17 10:02:00;service-a0856b68-7f3d-11eb-a7e8-d8cb8af1e959;group1;eu;0.576542367775313
2020-09-17 10:02:00;service-a0856b69-7f3d-11eb-bcd9-d8cb8af1e959;group1;eu;0.47221582154037517
2020-09-17 10:02:00;service-a0856b6d-7f3d-11eb-af79-d8cb8af1e959;group1;eu;0.607940113193609
2020-09-17 10:02:00;service-a0856b6c-7f3d-11eb-8578-d8cb8af1e959;group1;eu;0.6445121505343963
2020-09-17 10:02:00;service-a0856b6b-7f3d-11eb-b68a-d8cb8af1e959;group1;eu;0.5238926283950397
2020-09-17 10:02:00;service-a0856b6e-7f3d-11eb-9268-d8cb8af1e959;group1;eu;0.7029259259750524
2020-09-17 10:02:00;service-a0856b6a-7f3d-11eb-a26d-d8cb8af1e959;group1;eu;0.5975179702553571
2020-09-17 10:02:00;service-a0856b6f-7f3d-11eb-b24f-d8cb8af1e959;group1;eu;0.6699880937999853
2020-09-17 10:02:00;service-a0856b70-7f3d-11eb-a12c-d8cb8af1e959;group1;eu;0.6735131863106889
2020-09-17 10:02:00;service-a0859374-7f3d-11eb-a379-d8cb8af1e959;group1;eu;0.6225327388723092
2020-09-17 10:02:30;service-a0856b68-7f3d-11eb-a7e8-d8cb8af1e959;group1;eu;0.12783750345037484
2020-09-17 10:02:30;service-a0856b69-7f3d-11eb-bcd9-d8cb8af1e959;group1;eu;0.03456912189255199
2020-09-17 10:02:30;service-a0856b6d-7f3d-11eb-af79-d8cb8af1e959;group1;eu;0.19357939622401332
2020-09-17 10:02:30;service-a0856b6c-7f3d-11eb-8578-d8cb8af1e959;group1;eu;0.25179821291608506
2020-09-17 10:02:30;service-a0856b6b-7f3d-11eb-b68a-d8cb8af1e959;group1;eu;0.14974579380983916
2020-09-17 10:02:30;service-a0856b6e-7f3d-11eb-9268-d8cb8af1e959;group1;eu;0.35054033997786727
2020-09-17 10:02:30;service-a0856b6a-7f3d-11eb-a26d-d8cb8af1e959;group1;eu;0.18876071681871198
2020-09-17 10:02:30;service-a0856b6f-7f3d-11eb-b24f-d8cb8af1e959;group1;eu;0.2755484388806574
2020-09-17 10:02:30;service-a0856b70-7f3d-11eb-a12c-d8cb8af1e959;group1;eu;0.34777427173239583
2020-09-17 10:02:30;service-a0859374-7f3d-11eb-a379-d8cb8af1e959;group1;eu;0.18748169466290351
2020-09-17 10:03:00;service-a0856b68-7f3d-11eb-a7e8-d8cb8af1e959;group1;eu;0.1879565131703006
2020-09-17 10:03:00;service-a0856b69-7f3d-11eb-bcd9-d8cb8af1e959;group1;eu;0.2995437219149332
2020-09-17 10:03:00;service-a0856b6d-7f3d-11eb-af79-d8cb8af1e959;group1;eu;0.06576024825933241
2020-09-17 10:03:00;service-a0856b6c-7f3d-11eb-8578-d8cb8af1e959;group1;eu;0.02323746542468244
2020-09-17 10:03:00;service-a0856b6b-7f3d-11eb-b68a-d8cb8af1e959;group1;eu;0.04897043871630353
2020-09-17 10:03:00;service-a0856b6e-7f3d-11eb-9268-d8cb8af1e959;group1;eu;0.05642089216215389
2020-09-17 10:03:00;service-a0856b6a-7f3d-11eb-a26d-d8cb8af1e959;group1;eu;0.06676748660246207
2020-09-17 10:03:00;service-a0856b6f-7f3d-11eb-b24f-d8cb8af1e959;group1;eu;0.03470435848744312
2020-09-17 10:03:00;service-a0856b70-7f3d-11eb-a12c-d8cb8af1e959;group1;eu;0.11113166515105
2020-09-17 10:03:00;service-a0859374-7f3d-11eb-a379-d8cb8af1e959;group1;eu;0.04918335433522823
2020-09-17 10:03:30;service-a0856b68-7f3d-11eb-a7e8-d8cb8af1e959;group1;eu;0.3780565200937042
2020-09-17 10:03:30;service-a0856b69-7f3d-11eb-bcd9-d8cb8af1e959;group1;eu;0.38954902308160966
2020-09-17 10:03:30;service-a0856b6d-7f3d-11eb-af79-d8cb8af1e959;group1;eu;0.21713723466843377
2020-09-17 10:03:30;service-a0856b6c-7f3d-11eb-8578-d8cb8af1e959;group1;eu;0.21148012100534785
2020-09-17 10:03:30;service-a0856b6b-7f3d-11eb-b68a-d8cb8af1e959;group1;eu;0.15077668648272027
2020-09-17 10:03:30;service-a0856b6e-7f3d-11eb-9268-d8cb8af1e959;group1;eu;0.1818636622701331
2020-09-17 10:03:30;service-a0856b6a-7f3d-11eb-a26d-d8cb8af1e959;group1;eu;0.2354619762388704
2020-09-17 10:03:30;service-a0856b6f-7f3d-11eb-b24f-d8cb8af1e959;group1;eu;0.030470843160861998
2020-09-17 10:03:30;service-a0856b70-7f3d-11eb-a12c-d8cb8af1e959;group1;eu;0.0953374745622471
2020-09-17 10:03:30;service-a0859374-7f3d-11eb-a379-d8cb8af1e959;group1;eu;0.12862097390486626
2020-09-17 10:04:00;service-a0856b68-7f3d-11eb-a7e8-d8cb8af1e959;group1;eu;0.4745990730247519
2020-09-17 10:04:00;service-a0856b69-7f3d-11eb-bcd9-d8cb8af1e959;group1;eu;0.4644579703917755
2020-09-17 10:04:00;service-a0856b6d-7f3d-11eb-af79-d8cb8af1e959;group1;eu;0.3368223293271081
2020-09-17 10:04:00;service-a0856b6c-7f3d-11eb-8578-d8cb8af1e959;group1;eu;0.34511219651824643
2020-09-17 10:04:00;service-a0856b6b-7f3d-11eb-b68a-d8cb8af1e959;group1;eu;0.28920080786818664
2020-09-17 10:04:00;service-a0856b6e-7f3d-11eb-9268-d8cb8af1e959;group1;eu;0.3403283081909037
2020-09-17 10:04:00;service-a0856b6a-7f3d-11eb-a26d-d8cb8af1e959;group1;eu;0.3634893852185002
2020-09-17 10:04:00;service-a0856b6f-7f3d-11eb-b24f-d8cb8af1e959;group1;eu;0.12567774268462786
2020-09-17 10:04:00;service-a0856b70-7f3d-11eb-a12c-d8cb8af1e959;group1;eu;0.22761261921400894
2020-09-17 10:04:00;service-a0859374-7f3d-11eb-a379-d8cb8af1e959;group1;eu;0.2003093421500394
2020-09-17 10:04:30;service-a0856b68-7f3d-11eb-a7e8-d8cb8af1e959;group1;eu;0.4416590251296173
2020-09-17 10:04:30;service-a0856b69-7f3d-11eb-bcd9-d8cb8af1e959;group1;eu;0.41201882591222483
2020-09-17 10:04:30;service-a0856b6d-7f3d-11eb-af79-d8cb8af1e959;group1;eu;0.28586062487114117
2020-09-17 10:04:30;service-a0856b6c-7f3d-11eb-8578-d8cb8af1e959;group1;eu;0.3115435379420849
2020-09-17 10:04:30;service-a0856b6b-7f3d-11eb-b68a-d8cb8af1e959;group1;eu;0.20145660824770312
2020-09-17 10:04:30;service-a0856b6e-7f3d-11eb-9268-d8cb8af1e959;group1;eu;0.28884028439345444
2020-09-17 10:04:30;service-a0856b6a-7f3d-11eb-a26d-d8cb8af1e959;group1;eu;0.32071512264928087
2020-09-17 10:04:30;service-a0856b6f-7f3d-11eb-b24f-d8cb8af1e959;group1;eu;0.006165074227921893
2020-09-17 10:04:30;service-a0856b70-7f3d-11eb-a12c-d8cb8af1e959;group1;eu;0.16517841865470964
2020-09-17 10:04:30;service-a0859374-7f3d-11eb-a379-d8cb8af1e959;group1;eu;0.06233488091467684
2020-09-17 10:05:00;service-a0856b68-7f3d-11eb-a7e8-d8cb8af1e959;group1;eu;0.40178714039779767
2020-09-17 10:05:00;service-a0856b69-7f3d-11eb-bcd9-d8cb8af1e959;group1;eu;0.36096326259314837
2020-09-17 10:05:00;service-a0856b6d-7f3d-11eb-af79-d8cb8af1e959;group1;eu;0.22858443806617842
2020-09-17 10:05:00;service-a0856b6c-7f3d-11eb-8578-d8cb8af1e959;group1;eu;0.2785258316041533
2020-09-17 10:05:00;service-a0856b6b-7f3d-11eb-b68a-d8cb8af1e959;group1;eu;0.14376808485059447
2020-09-17 10:05:00;service-a0856b6e-7f3d-11eb-9268-d8cb8af1e959;group1;eu;0.24305884155182836
2020-09-17 10:05:00;service-a0856b6a-7f3d-11eb-a26d-d8cb8af1e959;group1;eu;0.2804769798492015
2020-09-17 10:05:00;service-a0856b6f-7f3d-11eb-b24f-d8cb8af1e959;group1;eu;0.06388538320985268
2020-09-17 10:05:00;service-a0856b70-7f3d-11eb-a12c-d8cb8af1e959;group1;eu;0.13377685981338674
2020-09-17 10:05:00;service-a0859374-7f3d-11eb-a379-d8cb8af1e959;group1;eu;0.055205964738325806
2020-09-17 10:05:30;service-a0856b68-7f3d-11eb-a7e8-d8cb8af1e959;group1;eu;0.3125344715958661
2020-09-17 10:05:30;service-a0856b69-7f3d-11eb-bcd9-d8cb8af1e959;group1;eu;0.25566887279128997
2020-09-17 10:05:30;service-a0856b6d-7f3d-11eb-af79-d8cb8af1e959;group1;eu;0.07241755022746363
2020-09-17 10:05:30;service-a0856b6c-7f3d-11eb-8578-d8cb8af1e959;group1;eu;0.1783451931976289
2020-09-17 10:05:30;service-a0856b6b-7f3d-11eb-b68a-d8cb8af1e959;group1;eu;0.03997929045827459
2020-09-17 10:05:30;service-a0856b6e-7f3d-11eb-9268-d8cb8af1e959;group1;eu;0.10922945264989364
2020-09-17 10:05:30;service-a0856b6a-7f3d-11eb-a26d-d8cb8af1e959;group1;eu;0.18461646817945676
2020-09-17 10:05:30;service-a0856b6f-7f3d-11eb-b24f-d8cb8af1e959;group1;eu;0.13964095767718834
2020-09-17 10:05:30;service-a0856b70-7f3d-11eb-a12c-d8cb8af1e959;group1;eu;0.03556017439489927
2020-09-17 10:05:30;service-a0859374-7f3d-11eb-a379-d8cb8af1e959;group1;eu;0.23965719586499035
2020-09-17 10:06:00;service-a0856b68-7f3d-11eb-a7e8-d8cb8af1e959;group1;eu;0.19693247206713294
2020-09-17 10:06:00;service-a0856b69-7f3d-11eb-bcd9-d8cb8af1e959;group1;eu;0.13358947769399068
2020-09-17 10:06:00;service-a0856b6d-7f3d-11eb-af79-d8cb8af1e959;group1;eu;0.13859089695418722
2020-09-17 10:06:00;service-a0856b6c-7f3d-11eb-8578-d8cb8af1e959;group1;eu;0.055604898625113454
2020-09-17 10:06:00;service-a0856b6b-7f3d-11eb-b68a-d8cb8af1e959;group1;eu;0.13709905078851
2020-09-17 10:06:00;service-a0856b6e-7f3d-11eb-9268-d8cb8af1e959;group1;eu;0.07515122033508098
2020-09-17 10:06:00;service-a0856b6a-7f3d-11eb-a26d-d8cb8af1e959;group1;eu;0.08531963062859009
2020-09-17 10:06:00;service-a0856b6f-7f3d-11eb-b24f-d8cb8af1e959;group1;eu;0.17075041426564816
2020-09-17 10:06:00;service-a0856b70-7f3d-11eb-a12c-d8cb8af1e959;group1;eu;0.06142800178041782
2020-09-17 10:06:00;service-a0859374-7f3d-11eb-a379-d8cb8af1e959;group1;eu;0.339574309811253
2020-09-17 10:01:33;service-a0856b68-7f3d-11eb-a7e8-d8cb8af1e959;group1;eu;0.07173604389998321
2020-09-17 10:01:33;service-a0856b69-7f3d-11eb-bcd9-d8cb8af1e959;group1;eu;0.06770931098227687
2020-09-17 10:01:33;service-a0856b6d-7f3d-11eb-af79-d8cb8af1e959;group1;eu;0.003891396916309649
2020-09-17 10:01:33;service-a0856b6c-7f3d-11eb-8578-d8cb8af1e959;group1;eu;0.08859517364722029
2020-09-17 10:01:33;service-a0856b6b-7f3d-11eb-b68a-d8cb8af1e959;group1;eu;0.43898981073190807
2020-09-17 10:01:33;service-a0856b6e-7f3d-11eb-9268-d8cb8af1e959;group1;eu;0.25703758368766244
2020-09-17 10:01:33;service-a0856b6a-7f3d-11eb-a26d-d8cb8af1e959;group1;eu;0.1276254879675076
2020-09-17 10:01:33;service-a0856b6f-7f3d-11eb-b24f-d8cb8af1e959;group1;eu;0.07729897168294834
2020-09-17 10:01:33;service-a0856b70-7f3d-11eb-a12c-d8cb8af1e959;group1;eu;0.03952574370687179
2020-09-17 10:01:33;service-a0859374-7f3d-11eb-a379-d8cb8af1e959;group1;eu;0.3411589261148888
2020-09-17 10:02:03;service-a0856b68-7f3d-11eb-a7e8-d8cb8af1e959;group1;eu;0.13732349989763465
2020-09-17 10:02:03;service-a0856b69-7f3d-11eb-bcd9-d8cb8af1e959;group1;eu;0.019873645871361815
2020-09-17 10:02:03;service-a0856b6d-7f3d-11eb-af79-d8cb8af1e959;group1;eu;0.3579997478130774
2020-09-17 10:02:03;service-a0856b6c-7f3d-11eb-8578-d8cb8af1e959;group1;eu;0.20846407858025698
2020-09-17 10:02:03;service-a0856b6b-7f3d-11eb-b68a-d8cb8af1e959;group1;eu;0.5067756942417894
2020-09-17 10:02:03;service-a0856b6e-7f3d-11eb-9268-d8cb8af1e959;group1;eu;0.021637252403067336
2020-09-17 10:02:03;service-a0856b6a-7f3d-11eb-a26d-d8cb8af1e959;group1;eu;0.2635801534493787
2020-09-17 10:02:03;service-a0856b6f-7f3d-11eb-b24f-d8cb8af1e959;group1;eu;0.16856914037723122
2020-09-17 10:02:03;service-a0856b70-7f3d-11eb-a12c-d8cb8af1e959;group1;eu;0.09540025851746377
2020-09-17 10:02:03;service-a0859374-7f3d-11eb-a379-d8cb8af1e959;group1;eu;0.08826263467669246
2020-09-17 10:02:33;service-a0856b68-7f3d-11eb-a7e8-d8cb8af1e959;group1;eu;0.11564382789535733
2020-09-17 10:02:33;service-a0856b69-7f3d-11eb-bcd9-d8cb8af1e959;group1;eu;0.030796136990253013
2020-09-17 10:02:33;service-a0856b6d-7f3d-11eb-af79-d8cb8af1e959;group1;eu;0.30712251724948697
2020-09-17 10:02:33;service-a0856b6c-7f3d-11eb-8578-d8cb8af1e959;group1;eu;0.08734072979949561
2020-09-17 10:02:33;service-a0856b6b-7f3d-11eb-b68a-d8cb8af1e959;group1;eu;0.2970264261010703
2020-09-17 10:02:33;service-a0856b6e-7f3d-11eb-9268-d8cb8af1e959;group1;eu;0.03638942712392381
2020-09-17 10:02:33;service-a0856b6a-7f3d-11eb-a26d-d8cb8af1e959;group1;eu;0.205324407516451
2020-09-17 10:02:33;service-a0856b6f-7f3d-11eb-b24f-d8cb8af1e959;group1;eu;0.20046393578717095
2020-09-17 10:02:33;service-a0856b70-7f3d-11eb-a12c-d8cb8af1e959;group1;eu;0.0395296126789235
2020-09-17 10:02:33;service-a0859374-7f3d-11eb-a379-d8cb8af1e959;group1;eu;0.10692408611809731
2020-09-17 10:03:03;service-a0856b68-7f3d-11eb-a7e8-d8cb8af1e959;group1;eu;0.04547165556149694
2020-09-17 10:03:03;service-a0856b69-7f3d-11eb-bcd9-d8cb8af1e959;group1;eu;0.06959208459872067
2020-09-17 10:03:03;service-a0856b6d-7f3d-11eb-af79-d8cb8af1e959;group1;eu;0.28817570737449777
2020-09-17 10:03:03;service-a0856b6c-7f3d-11eb-8578-d8cb8af1e959;group1;eu;0.04256150570799455
2020-09-17 10:03:03;service-a0856b6b-7f3d-11eb-b68a-d8cb8af1e959;group1;eu;0.023118894265873564
2020-09-17 10:03:03;service-a0856b6e-7f3d-11eb-9268-d8cb8af1e959;group1;eu;0.16883800896731874
2020-09-17 10:03:03;service-a0856b6a-7f3d-11eb-a26d-d8cb8af1e959;group1;eu;0.1735864697758595
2020-09-17 10:03:03;service-a0856b6f-7f3d-11eb-b24f-d8cb8af1e959;group1;eu;0.24097613083436242
2020-09-17 10:03:03;service-a0856b70-7f3d-11eb-a12c-d8cb8af1e959;group1;eu;0.11518319272356312
2020-09-17 10:03:03;service-a0859374-7f3d-11eb-a379-d8cb8af1e959;group1;eu;0.09693943320436477
2020-09-17 10:03:33;service-a0856b68-7f3d-11eb-a7e8-d8cb8af1e959;group1;eu;0.234601600765121
2020-09-17 10:03:33;service-a0856b69-7f3d-11eb-bcd9-d8cb8af1e959;group1;eu;0.07226585709260273
2020-09-17 10:03:33;service-a0856b6d-7f3d-11eb-af79-d8cb8af1e959;group1;eu;0.08751268790836705
2020-09-17 10:03:33;service-a0856b6c-7f3d-11eb-8578-d8cb8af1e959;group1;eu;0.32639517785746225
2020-09-17 10:03:33;service-a0856b6b-7f3d-11eb-b68a-d8cb8af1e959;group1;eu;0.035444019402395395
2020-09-17 10:03:33;service-a0856b6e-7f3d-11eb-9268-d8cb8af1e959;group1;eu;0.0075146713603968535
2020-09-17 10:03:33;service-a0856b6a-7f3d-11eb-a26d-d8cb8af1e959;group1;eu;0.05822548338004047
2020-09-17 10:03:33;service-a0856b6f-7f3d-11eb-b24f-d8cb8af1e959;group1;eu;0.14810879943781635
2020-09-17 10:03:33;service-a0856b70-7f3d-11eb-a12c-d8cb8af1e959;group1;eu;0.33762677271408903
2020-09-17 10:03:33;service-a0859374-7f3d-11eb-a379-d8cb8af1e959;group1;eu;0.07953040651235743
2020-09-17 10:04:03;service-a0856b68-7f3d-11eb-a7e8-d8cb8af1e959;group1;eu;0.5174860243911303
2020-09-17 10:04:03;service-a0856b69-7f3d-11eb-bcd9-d8cb8af1e959;group1;eu;0.24533184962462634
2020-09-17 10:04:03;service-a0856b6d-7f3d-11eb-af79-d8cb8af1e959;group1;eu;0.21525863938120898
2020-09-17 10:04:03;service-a0856b6c-7f3d-11eb-8578-d8cb8af1e959;group1;eu;0.5164239295842448
2020-09-17 10:04:03;service-a0856b6b-7f3d-11eb-b68a-d8cb8af1e959;group1;eu;0.044717853414605505
2020-09-17 10:04:03;service-a0856b6e-7f3d-11eb-9268-d8cb8af1e959;group1;eu;0.21981151762241533
2020-09-17 10:04:03;service-a0856b6a-7f3d-11eb-a26d-d8cb8af1e959;group1;eu;0.2701042769922611
2020-09-17 10:04:03;service-a0856b6f-7f3d-11eb-b24f-d8cb8af1e959;group1;eu;0.1074135298810179
2020-09-17 10:04:03;service-a0856b70-7f3d-11eb-a12c-d8cb8af1e959;group1;eu;0.48220736277816867
2020-09-17 10:04:03;service-a0859374-7f3d-11eb-a379-d8cb8af1e959;group1;eu;0.24576422979693488
2020-09-17 10:04:33;service-a0856b68-7f3d-11eb-a7e8-d8cb8af1e959;group1;eu;0.7281288073337118
2020-09-17 10:04:33;service-a0856b69-7f3d-11eb-bcd9-d8cb8af1e959;group1;eu;0.5545470597248984
2020-09-17 10:04:33;service-a0856b6d-7f3d-11eb-af79-d8cb8af1e959;group1;eu;0.5238504162160537
2020-09-17 10:04:33;service-a0856b6c-7f3d-11eb-8578-d8cb8af1e959;group1;eu;0.69463801228344
2020-09-17 10:04:33;service-a0856b6b-7f3d-11eb-b68a-d8cb8af1e959;group1;eu;0.22827238432310396
2020-09-17 10:04:33;service-a0856b6e-7f3d-11eb-9268-d8cb8af1e959;group1;eu;0.5036813737448338
2020-09-17 10:04:33;service-a0856b6a-7f3d-11eb-a26d-d8cb8af1e959;group1;eu;0.5350590309613374
2020-09-17 10:04:33;service-a0856b6f-7f3d-11eb-b24f-d8cb8af1e959;group1;eu;0.4146877190311214
2020-09-17 10:04:33;service-a0856b70-7f3d-11eb-a12c-d8cb8af1e959;group1;eu;0.6549292215580679
2020-09-17 10:04:33;service-a0859374-7f3d-11eb-a379-d8cb8af1e959;group1;eu;0.5136074975452604
2020-09-17 10:05:03;service-a0856b68-7f3d-11eb-a7e8-d8cb8af1e959;group1;eu;0.7114282235955297
2020-09-17 10:05:03;service-a0856b69-7f3d-11eb-bcd9-d8cb8af1e959;group1;eu;0.517635395013144
2020-09-17 10:05:03;service-a0856b6d-7f3d-11eb-af79-d8cb8af1e959;group1;eu;0.5063492684270805
2020-09-17 10:05:03;service-a0856b6c-7f3d-11eb-8578-d8cb8af1e959;group1;eu;0.6453361457091756
2020-09-17 10:05:03;service-a0856b6b-7f3d-11eb-b68a-d8cb8af1e959;group1;eu;0.04443315454317392
2020-09-17 10:05:03;service-a0856b6e-7f3d-11eb-9268-d8cb8af1e959;group1;eu;0.4331172159065225
2020-09-17 10:05:03;service-a0856b6a-7f3d-11eb-a26d-d8cb8af1e959;group1;eu;0.4781452579912875
2020-09-17 10:05:03;service-a0856b6f-7f3d-11eb-b24f-d8cb8af1e959;group1;eu;0.3472708649077595
2020-09-17 10:05:03;service-a0856b70-7f3d-11eb-a12c-d8cb8af1e959;group1;eu;0.5906937410733065
2020-09-17 10:05:03;service-a0859374-7f3d-11eb-a379-d8cb8af1e959;group1;eu;0.43442527661278757
2020-09-17 10:05:33;service-a0856b68-7f3d-11eb-a7e8-d8cb8af1e959;group1;eu;0.695001896835314
2020-09-17 10:05:33;service-a0856b69-7f3d-11eb-bcd9-d8cb8af1e959;group1;eu;0.5450987632267873
2020-09-17 10:05:33;service-a0856b6d-7f3d-11eb-af79-d8cb8af1e959;group1;eu;0.5362464245088477
2020-09-17 10:05:33;service-a0856b6c-7f3d-11eb-8578-d8cb8af1e959;group1;eu;0.6255433230792018
2020-09-17 10:05:33;service-a0856b6b-7f3d-11eb-b68a-d8cb8af1e959;group1;eu;0.0028032354205215636
2020-09-17 10:05:33;service-a0856b6e-7f3d-11eb-9268-d8cb8af1e959;group1;eu;0.4397231786981465
2020-09-17 10:05:33;service-a0856b6a-7f3d-11eb-a26d-d8cb8af1e959;group1;eu;0.4965035800220553
2020-09-17 10:05:33;service-a0856b6f-7f3d-11eb-b24f-d8cb8af1e959;group1;eu;0.3477816792547741
2020-09-17 10:05:33;service-a0856b70-7f3d-11eb-a12c-d8cb8af1e959;group1;eu;0.5670970120359308
2020-09-17 10:05:33;service-a0859374-7f3d-11eb-a379-d8cb8af1e959;group1;eu;0.4190738193456825
2020-09-17 10:01:33;service-a0856b68-7f3d-11eb-a7e8-d8cb8af1e959;group1;eu;0.8905996314151258
2020-09-17 10:01:33;service-a0856b69-7f3d-11eb-bcd9-d8cb8af1e959;group1;eu;0.8807449424527469
2020-09-17 10:01:33;service-a0856b6d-7f3d-11eb-af79-d8cb8af1e959;group1;eu;0.8530358896143654
2020-09-17 10:01:33;service-a0856b6c-7f3d-11eb-8578-d8cb8af1e959;group1;eu;0.901109087741499
2020-09-17 10:01:33;service-a0856b6b-7f3d-11eb-b68a-d8cb8af1e959;group1;eu;0.7810518592703799
2020-09-17 10:01:33;service-a0856b6e-7f3d-11eb-9268-d8cb8af1e959;group1;eu;0.8649715466212919
2020-09-17 10:01:33;service-a0856b6a-7f3d-11eb-a26d-d8cb8af1e959;group1;eu;0.8653908062595901
2020-09-17 10:01:33;service-a0856b6f-7f3d-11eb-b24f-d8cb8af1e959;group1;eu;0.8037357937617123
2020-09-17 10:01:33;service-a0856b70-7f3d-11eb-a12c-d8cb8af1e959;group1;eu;0.8932004549037046
2020-09-17 10:01:33;service-a0859374-7f3d-11eb-a379-d8cb8af1e959;group1;eu;0.851509015814658
2020-09-17 10:02:03;service-a0856b68-7f3d-11eb-a7e8-d8cb8af1e959;group1;eu;0.7546470929424016
2020-09-17 10:02:03;service-a0856b69-7f3d-11eb-bcd9-d8cb8af1e959;group1;eu;0.7429991767342379
2020-09-17 10:02:03;service-a0856b6d-7f3d-11eb-af79-d8cb8af1e959;group1;eu;0.7077207894037463
2020-09-17 10:02:03;service-a0856b6c-7f3d-11eb-8578-d8cb8af1e959;group1;eu;0.7712945538866515
2020-09-17 10:02:03;service-a0856b6b-7f3d-11eb-b68a-d8cb8af1e959;group1;eu;0.5443894333165721
2020-09-17 10:02:03;service-a0856b6e-7f3d-11eb-9268-d8cb8af1e959;group1;eu;0.703822354649947
2020-09-17 10:02:03;service-a0856b6a-7f3d-11eb-a26d-d8cb8af1e959;group1;eu;0.7246740441520279
2020-09-17 10:02:03;service-a0856b6f-7f3d-11eb-b24f-d8cb8af1e959;group1;eu;0.6087573786827568
2020-09-17 10:02:03;service-a0856b70-7f3d-11eb-a12c-d8cb8af1e959;group1;eu;0.7827280044643629
2020-09-17 10:02:03;service-a0859374-7f3d-11eb-a379-d8cb8af1e959;group1;eu;0.6786505103586545
2020-09-17 10:02:33;service-a0856b68-7f3d-11eb-a7e8-d8cb8af1e959;group1;eu;0.5326172337771653
2020-09-17 10:02:33;service-a0856b69-7f3d-11eb-bcd9-d8cb8af1e959;group1;eu;0.5287473274658159
2020-09-17 10:02:33;service-a0856b6d-7f3d-11eb-af79-d8cb8af1e959;group1;eu;0.4852111690602158
2020-09-17 10:02:33;service-a0856b6c-7f3d-11eb-8578-d8cb8af1e959;group1;eu;0.5724968829049343
2020-09-17 10:02:33;service-a0856b6b-7f3d-11eb-b68a-d8cb8af1e959;group1;eu;0.1940302183745468
2020-09-17 10:02:33;service-a0856b6e-7f3d-11eb-9268-d8cb8af1e959;group1;eu;0.4563137431227668
2020-09-17 10:02:33;service-a0856b6a-7f3d-11eb-a26d-d8cb8af1e959;group1;eu;0.5051852793045915
2020-09-17 10:02:33;service-a0856b6f-7f3d-11eb-b24f-d8cb8af1e959;group1;eu;0.3095767825623108
2020-09-17 10:02:33;service-a0856b70-7f3d-11eb-a12c-d8cb8af1e959;group1;eu;0.6158958985885697
2020-09-17 10:02:33;service-a0859374-7f3d-11eb-a379-d8cb8af1e959;group1;eu;0.4146292168901739
2020-09-17 10:03:03;service-a0856b68-7f3d-11eb-a7e8-d8cb8af1e959;group1;eu;0.16208917560599803
2020-09-17 10:03:03;service-a0856b69-7f3d-11eb-bcd9-d8cb8af1e959;group1;eu;0.23223132270550437
2020-09-17 10:03:03;service-a0856b6d-7f3d-11eb-af79-d8cb8af1e959;group1;eu;0.10673623626902827
2020-09-17 10:03:03;service-a0856b6c-7f3d-11eb-8578-d8cb8af1e959;group1;eu;0.26071304607934326
2020-09-17 10:03:03;service-a0856b6b-7f3d-11eb-b68a-d8cb8af1e959;group1;eu;0.222862798498064
2020-09-17 10:03:03;service-a0856b6e-7f3d-11eb-9268-d8cb8af1e959;group1;eu;0.05361585174415916
2020-09-17 10:03:03;service-a0856b6a-7f3d-11eb-a26d-d8cb8af1e959;group1;eu;0.13589469794450107
2020-09-17 10:03:03;service-a0856b6f-7f3d-11eb-b24f-d8cb8af1e959;group1;eu;0.12743136774111635
2020-09-17 10:03:03;service-a0856b70-7f3d-11eb-a12c-d8cb8af1e959;group1;eu;0.33283679395020355
2020-09-17 10:03:03;service-a0859374-7f3d-11eb-a379-d8cb8af1e959;group1;eu;0.03255043526853815
2020-09-17 10:03:33;service-a0856b68-7f3d-11eb-a7e8-d8cb8af1e959;group1;eu;0.16306930017132582
2020-09-17 10:03:33;service-a0856b69-7f3d-11eb-bcd9-d8cb8af1e959;group1;eu;0.0009046295877480898
2020-09-17 10:03:33;service-a0856b6d-7f3d-11eb-af79-d8cb8af1e959;group1;eu;0.2081234148578777
2020-09-17 10:03:33;service-a0856b6c-7f3d-11eb-8578-d8cb8af1e959;group1;eu;0.05065682032480518
2020-09-17 10:03:33;service-a0856b6b-7f3d-11eb-b68a-d8cb8af1e959;group1;eu;0.3461220949465392
2020-09-17 10:03:33;service-a0856b6e-7f3d-11eb-9268-d8cb8af1e959;group1;eu;0.24114224466458622
2020-09-17 10:03:33;service-a0856b6a-7f3d-11eb-a26d-d8cb8af1e959;group1;eu;0.0947907166057445
2020-09-17 10:03:33;service-a0856b6f-7f3d-11eb-b24f-d8cb8af1e959;group1;eu;0.36263600894413817
2020-09-17 10:03:33;service-a0856b70-7f3d-11eb-a12c-d8cb8af1e959;group1;eu;0.12299932385596532
2020-09-17 10:03:33;service-a0859374-7f3d-11eb-a379-d8cb8af1e959;group1;eu;0.2829009173016388
2020-09-17 10:04:03;service-a0856b68-7f3d-11eb-a7e8-d8cb8af1e959;group1;eu;0.30285019962047
2020-09-17 10:04:03;service-a0856b69-7f3d-11eb-bcd9-d8cb8af1e959;group1;eu;0.07351101658464941
2020-09-17 10:04:03;service-a0856b6d-7f3d-11eb-af79-d8cb8af1e959;group1;eu;0.32177901278802035
2020-09-17 10:04:03;service-a0856b6c-7f3d-11eb-8578-d8cb8af1e959;group1;eu;0.24571800942188074
2020-09-17 10:04:03;service-a0856b6b-7f3d-11eb-b68a-d8cb8af1e959;group1;eu;0.3825158685403885
2020-09-17 10:04:03;service-a0856b6e-7f3d-11eb-9268-d8cb8af1e959;group1;eu;0.3056288069761318
2020-09-17 10:04:03;service-a0856b6a-7f3d-11eb-a26d-d8cb8af1e959;group1;eu;0.1512742719987972
2020-09-17 10:04:03;service-a0856b6f-7f3d-11eb-b24f-d8cb8af1e959;group1;eu;0.42127181059785956
2020-09-17 10:04:03;service-a0856b70-7f3d-11eb-a12c-d8cb8af1e959;group1;eu;0.030549461867450903
2020-09-17 10:04:03;service-a0859374-7f3d-11eb-a379-d8cb8af1e959;group1;eu;0.36859280757948554
2020-09-17 10:04:33;service-a0856b68-7f3d-11eb-a7e8-d8cb8af1e959;group1;eu;0.310070398059664
2020-09-17 10:04:33;service-a0856b69-7f3d-11eb-bcd9-d8cb8af1e959;group1;eu;0.0736004103848245
2020-09-17 10:04:33;service-a0856b6d-7f3d-11eb-af79-d8cb8af1e959;group1;eu;0.3481304976001164
2020-09-17 10:04:33;service-a0856b6c-7f3d-11eb-8578-d8cb8af1e959;group1;eu;0.29904689048729427
2020-09-17 10:04:33;service-a0856b6b-7f3d-11eb-b68a-d8cb8af1e959;group1;eu;0.37821819538549994
2020-09-17 10:04:33;service-a0856b6e-7f3d-11eb-9268-d8cb8af1e959;group1;eu;0.30685166883518916
2020-09-17 10:04:33;service-a0856b6a-7f3d-11eb-a26d-d8cb8af1e959;group1;eu;0.14713005228288173
2020-09-17 10:04:33;service-a0856b6f-7f3d-11eb-b24f-d8cb8af1e959;group1;eu;0.4147007472145715
2020-09-17 10:04:33;service-a0856b70-7f3d-11eb-a12c-d8cb8af1e959;group1;eu;0.11181319890640135
2020-09-17 10:04:33;service-a0859374-7f3d-11eb-a379-d8cb8af1e959;group1;eu;0.37338777352041264
2020-09-17 10:05:03;service-a0856b68-7f3d-11eb-a7e8-d8cb8af1e959;group1;eu;0.31569838003335665
2020-09-17 10:05:03;service-a0856b69-7f3d-11eb-bcd9-d8cb8af1e959;group1;eu;0.09827565680743111
2020-09-17 10:05:03;service-a0856b6d-7f3d-11eb-af79-d8cb8af1e959;group1;eu;0.3610516887334148
2020-09-17 10:05:03;service-a0856b6c-7f3d-11eb-8578-d8cb8af1e959;group1;eu;0.35535073940767536
2020-09-17 10:05:03;service-a0856b6b-7f3d-11eb-b68a-d8cb8af1e959;group1;eu;0.37902463064381425
2020-09-17 10:05:03;service-a0856b6e-7f3d-11eb-9268-d8cb8af1e959;group1;eu;0.3392882988676983
2020-09-17 10:05:03;service-a0856b6a-7f3d-11eb-a26d-d8cb8af1e959;group1;eu;0.16842787889040556
2020-09-17 10:05:03;service-a0856b6f-7f3d-11eb-b24f-d8cb8af1e959;group1;eu;0.4070753492467732
2020-09-17 10:05:03;service-a0856b70-7f3d-11eb-a12c-d8cb8af1e959;group1;eu;0.1843526719356178
2020-09-17 10:05:03;service-a0859374-7f3d-11eb-a379-d8cb8af1e959;group1;eu;0.3826007013952363
2020-09-17 10:05:33;service-a0856b68-7f3d-11eb-a7e8-d8cb8af1e959;group1;eu;0.22101356270361985
2020-09-17 10:05:33;service-a0856b69-7f3d-11eb-bcd9-d8cb8af1e959;group1;eu;0.011496788179589663
2020-09-17 10:05:33;service-a0856b6d-7f3d-11eb-af79-d8cb8af1e959;group1;eu;0.27372553783459225
2020-09-17 10:05:33;service-a0856b6c-7f3d-11eb-8578-d8cb8af1e959;group1;eu;0.2923994821164936
2020-09-17 10:05:33;service-a0856b6b-7f3d-11eb-b68a-d8cb8af1e959;group1;eu;0.2955063463864643
2020-09-17 10:05:33;service-a0856b6e-7f3d-11eb-9268-d8cb8af1e959;group1;eu;0.3022640164505396
2020-09-17 10:05:33;service-a0856b6a-7f3d-11eb-a26d-d8cb8af1e959;group1;eu;0.10337648460859651
2020-09-17 10:05:33;service-a0856b6f-7f3d-11eb-b24f-d8cb8af1e959;group1;eu;0.3033630075190579
2020-09-17 10:05:33;service-a0856b70-7f3d-11eb-a12c-d8cb8af1e959;group1;eu;0.1372159770561478
2020-09-17 10:05:33;service-a0859374-7f3d-11eb-a379-d8cb8af1e959;group1;eu;0.293797329822033
