2020-09-17 10:01:39;service-7edf312e-7e71-11eb-aac0-d8cb8af1e959;group1;eu;0.9332526491040017
2020-09-17 10:01:39;service-7edf312f-7e71-11eb-a3f8-d8cb8af1e959;group1;eu;0.4874158120935832
2020-09-17 10:01:39;service-7edf3133-7e71-11eb-9bac-d8cb8af1e959;group1;eu;1.5020010643474215
2020-09-17 10:01:39;service-7edf3135-7e71-11eb-baf5-d8cb8af1e959;group1;eu;0.9332500252394345
2020-09-17 10:01:39;service-7edf5818-7e71-11eb-b9e3-d8cb8af1e959;group1;eu;0.7041541577428426
2020-09-17 10:01:39;service-7edf3131-7e71-11eb-9cb2-d8cb8af1e959;group1;eu;0.8823429108793854
2020-09-17 10:01:39;service-7edf3134-7e71-11eb-9d1a-d8cb8af1e959;group1;eu;1.1037533718469392
2020-09-17 10:01:39;service-7edf3130-7e71-11eb-88ac-d8cb8af1e959;group1;eu;0.07544952866076131
2020-09-17 10:01:39;service-7edf5819-7e71-11eb-800c-d8cb8af1e959;group1;eu;1.1102540555607647
2020-09-17 10:01:39;service-7edf3132-7e71-11eb-a32d-d8cb8af1e959;group1;eu;0.7617861862041837
2020-09-17 10:02:09;service-7edf312e-7e71-11eb-aac0-d8cb8af1e959;group1;eu;0.7252905759956734
2020-09-17 10:02:09;service-7edf312f-7e71-11eb-a3f8-d8cb8af1e959;group1;eu;0.11944858319786876
2020-09-17 10:02:09;service-7edf3133-7e71-11eb-9bac-d8cb8af1e959;group1;eu;1.5329073139282237
2020-09-17 10:02:09;service-7edf3135-7e71-11eb-baf5-d8cb8af1e959;group1;eu;0.8026868505220078
2020-09-17 10:02:09;service-7edf5818-7e71-11eb-b9e3-d8cb8af1e959;group1;eu;0.4714412533961261
2020-09-17 10:02:09;service-7edf3131-7e71-11eb-9cb2-d8cb8af1e959;group1;eu;0.6606873203874006
2020-09-17 10:02:09;service-7edf3134-7e71-11eb-9d1a-d8cb8af1e959;group1;eu;0.9806610054819759
2020-09-17 10:02:09;service-7edf3130-7e71-11eb-88ac-d8cb8af1e959;group1;eu;0.2816591654537681
2020-09-17 10:02:09;service-7edf5819-7e71-11eb-800c-d8cb8af1e959;group1;eu;1.056588905468005
2020-09-17 10:02:09;service-7edf3132-7e71-11eb-a32d-d8cb8af1e959;group1;eu;0.5019736537291375
2020-09-17 10:02:39;service-7edf312e-7e71-11eb-aac0-d8cb8af1e959;group1;eu;0.48450167392682647
2020-09-17 10:02:39;service-7edf312f-7e71-11eb-a3f8-d8cb8af1e959;group1;eu;0.16250264544177934
2020-09-17 10:02:39;service-7edf3133-7e71-11eb-9bac-d8cb8af1e959;group1;eu;1.39334589558369
2020-09-17 10:02:39;service-7edf3135-7e71-11eb-baf5-d8cb8af1e959;group1;eu;0.6418264344914182
2020-09-17 10:02:39;service-7edf5818-7e71-11eb-b9e3-d8cb8af1e959;group1;eu;0.2560140922889697
2020-09-17 10:02:39;service-7edf3131-7e71-11eb-9cb2-d8cb8af1e959;group1;eu;0.39444104578503236
2020-09-17 10:02:39;service-7edf3134-7e71-11eb-9d1a-d8cb8af1e959;group1;eu;0.7787194321230143
2020-09-17 10:02:39;service-7edf3130-7e71-11eb-88ac-d8cb8af1e959;group1;eu;0.3445826625041278
2020-09-17 10:02:39;service-7edf5819-7e71-11eb-800c-d8cb8af1e959;group1;eu;0.9521142713296727
2020-09-17 10:02:39;service-7edf3132-7e71-11eb-a32d-d8cb8af1e959;group1;eu;0.24919240333290074
2020-09-17 10:03:09;service-7edf312e-7e71-11eb-aac0-d8cb8af1e959;group1;eu;0.26077990140723084
2020-09-17 10:03:09;service-7edf312f-7e71-11eb-a3f8-d8cb8af1e959;group1;eu;0.3000498936281109
2020-09-17 10:03:09;service-7edf3133-7e71-11eb-9bac-d8cb8af1e959;group1;eu;1.1831146246307231
2020-09-17 10:03:09;service-7edf3135-7e71-11eb-baf5-d8cb8af1e959;group1;eu;0.4014035659428563
2020-09-17 10:03:09;service-7edf5818-7e71-11eb-b9e3-d8cb8af1e959;group1;eu;0.012069868634258737
2020-09-17 10:03:09;service-7edf3131-7e71-11eb-9cb2-d8cb8af1e959;group1;eu;0.08430083347480184
2020-09-17 10:03:09;service-7edf3134-7e71-11eb-9d1a-d8cb8af1e959;group1;eu;0.48749680577844157
2020-09-17 10:03:09;service-7edf3130-7e71-11eb-88ac-d8cb8af1e959;group1;eu;0.39692125614109613
2020-09-17 10:03:09;service-7edf5819-7e71-11eb-800c-d8cb8af1e959;group1;eu;0.7918806833480034
2020-09-17 10:03:09;service-7edf3132-7e71-11eb-a32d-d8cb8af1e959;group1;eu;0.07352353592382575
2020-09-17 10:03:39;service-7edf312e-7e71-11eb-aac0-d8cb8af1e959;group1;eu;0.019230246283864105
2020-09-17 10:03:39;service-7edf312f-7e71-11eb-a3f8-d8cb8af1e959;group1;eu;0.37857210278497616
2020-09-17 10:03:39;service-7edf3133-7e71-11eb-9bac-d8cb8af1e959;group1;eu;0.8370176174079333
2020-09-17 10:03:39;service-7edf3135-7e71-11eb-baf5-d8cb8af1e959;group1;eu;0.11338162120210159
2020-09-17 10:03:39;service-7edf5818-7e71-11eb-b9e3-d8cb8af1e959;group1;eu;0.2124829813192574
2020-09-17 10:03:39;service-7edf3131-7e71-11eb-9cb2-d8cb8af1e959;group1;eu;0.1988573085405231
2020-09-17 10:03:39;service-7edf3134-7e71-11eb-9d1a-d8cb8af1e959;group1;eu;0.2387112409841445
2020-09-17 10:03:39;service-7edf3130-7e71-11eb-88ac-d8cb8af1e959;group1;eu;0.41673096886373784
2020-09-17 10:03:39;service-7edf5819-7e71-11eb-800c-d8cb8af1e959;group1;eu;0.5583699060725448
2020-09-17 10:03:39;service-7edf3132-7e71-11eb-a32d-d8cb8af1e959;group1;eu;0.22176449168840498
2020-09-17 10:04:09;service-7edf312e-7e71-11eb-aac0-d8cb8af1e959;group1;eu;0.15215624575906478
2020-09-17 10:04:09;service-7edf312f-7e71-11eb-a3f8-d8cb8af1e959;group1;eu;0.4037764180724277
2020-09-17 10:04:09;service-7edf3133-7e71-11eb-9bac-d8cb8af1e959;group1;eu;0.38930714037882475
2020-09-17 10:04:09;service-7edf3135-7e71-11eb-baf5-d8cb8af1e959;group1;eu;0.17181987463075507
2020-09-17 10:04:09;service-7edf5818-7e71-11eb-b9e3-d8cb8af1e959;group1;eu;0.3179096405549155
2020-09-17 10:04:09;service-7edf3131-7e71-11eb-9cb2-d8cb8af1e959;group1;eu;0.26746891680968304
2020-09-17 10:04:09;service-7edf3134-7e71-11eb-9d1a-d8cb8af1e959;group1;eu;0.0856079622654843
2020-09-17 10:04:09;service-7edf3130-7e71-11eb-88ac-d8cb8af1e959;group1;eu;0.39649963774788405
2020-09-17 10:04:09;service-7edf5819-7e71-11eb-800c-d8cb8af1e959;group1;eu;0.2768202238791627
2020-09-17 10:04:09;service-7edf3132-7e71-11eb-a32d-d8cb8af1e959;group1;eu;0.30746093843376937
2020-09-17 10:04:39;service-7edf312e-7e71-11eb-aac0-d8cb8af1e959;group1;eu;0.222219609995257
2020-09-17 10:04:39;service-7edf312f-7e71-11eb-a3f8-d8cb8af1e959;group1;eu;0.3438438548601487
2020-09-17 10:04:39;service-7edf3133-7e71-11eb-9bac-d8cb8af1e959;group1;eu;0.004122255788742474
2020-09-17 10:04:39;service-7edf3135-7e71-11eb-baf5-d8cb8af1e959;group1;eu;0.23915152514657262
2020-09-17 10:04:39;service-7edf5818-7e71-11eb-b9e3-d8cb8af1e959;group1;eu;0.30533669344501563
2020-09-17 10:04:39;service-7edf3131-7e71-11eb-9cb2-d8cb8af1e959;group1;eu;0.25685912033807823
2020-09-17 10:04:39;service-7edf3134-7e71-11eb-9d1a-d8cb8af1e959;group1;eu;0.13061762203022648
2020-09-17 10:04:39;service-7edf3130-7e71-11eb-88ac-d8cb8af1e959;group1;eu;0.29351124606246565
2020-09-17 10:04:39;service-7edf5819-7e71-11eb-800c-d8cb8af1e959;group1;eu;0.1425900151623213
2020-09-17 10:04:39;service-7edf3132-7e71-11eb-a32d-d8cb8af1e959;group1;eu;0.28748261541462616
2020-09-17 10:05:09;service-7edf312e-7e71-11eb-aac0-d8cb8af1e959;group1;eu;0.24361188024383018
2020-09-17 10:05:09;service-7edf312f-7e71-11eb-a3f8-d8cb8af1e959;group1;eu;0.3124921457543313
2020-09-17 10:05:09;service-7edf3133-7e71-11eb-9bac-d8cb8af1e959;group1;eu;0.31068812959411285
2020-09-17 10:05:09;service-7edf3135-7e71-11eb-baf5-d8cb8af1e959;group1;eu;0.30891108894110036
2020-09-17 10:05:09;service-7edf5818-7e71-11eb-b9e3-d8cb8af1e959;group1;eu;0.32713023830694093
2020-09-17 10:05:09;service-7edf3131-7e71-11eb-9cb2-d8cb8af1e959;group1;eu;0.25875209692402834
2020-09-17 10:05:09;service-7edf3134-7e71-11eb-9d1a-d8cb8af1e959;group1;eu;0.16551122931504236
2020-09-17 10:05:09;service-7edf3130-7e71-11eb-88ac-d8cb8af1e959;group1;eu;0.1643343993134159
2020-09-17 10:05:09;service-7edf5819-7e71-11eb-800c-d8cb8af1e959;group1;eu;0.07469542693139154
2020-09-17 10:05:09;service-7edf3132-7e71-11eb-a32d-d8cb8af1e959;group1;eu;0.2765087048162872
2020-09-17 10:05:39;service-7edf312e-7e71-11eb-aac0-d8cb8af1e959;group1;eu;0.16656068872171761
2020-09-17 10:05:39;service-7edf312f-7e71-11eb-a3f8-d8cb8af1e959;group1;eu;0.1713203907148187
2020-09-17 10:05:39;service-7edf3133-7e71-11eb-9bac-d8cb8af1e959;group1;eu;0.3836292582573506
2020-09-17 10:05:39;service-7edf3135-7e71-11eb-baf5-d8cb8af1e959;group1;eu;0.27929141468478097
2020-09-17 10:05:39;service-7edf5818-7e71-11eb-b9e3-d8cb8af1e959;group1;eu;0.2576917216372395
2020-09-17 10:05:39;service-7edf3131-7e71-11eb-9cb2-d8cb8af1e959;group1;eu;0.09647196447395343
2020-09-17 10:05:39;service-7edf3134-7e71-11eb-9d1a-d8cb8af1e959;group1;eu;0.06055338246552656
2020-09-17 10:05:39;service-7edf3130-7e71-11eb-88ac-d8cb8af1e959;group1;eu;0.1546696034547298
2020-09-17 10:05:39;service-7edf5819-7e71-11eb-800c-d8cb8af1e959;group1;eu;0.13010708835770765
2020-09-17 10:05:39;service-7edf3132-7e71-11eb-a32d-d8cb8af1e959;group1;eu;0.18534936176259978
2020-09-17 10:01:36;service-7edf312e-7e71-11eb-aac0-d8cb8af1e959;group1;eu;0.5441838334434617
2020-09-17 10:01:36;service-7edf312f-7e71-11eb-a3f8-d8cb8af1e959;group1;eu;0.5879635500635815
2020-09-17 10:01:36;service-7edf3133-7e71-11eb-9bac-d8cb8af1e959;group1;eu;0.433940086029528
2020-09-17 10:01:36;service-7edf3135-7e71-11eb-baf5-d8cb8af1e959;group1;eu;0.557974313957076
2020-09-17 10:01:36;service-7edf5818-7e71-11eb-b9e3-d8cb8af1e959;group1;eu;0.5818504669520823
2020-09-17 10:01:36;service-7edf3131-7e71-11eb-9cb2-d8cb8af1e959;group1;eu;0.5902886623808441
2020-09-17 10:01:36;service-7edf3134-7e71-11eb-9d1a-d8cb8af1e959;group1;eu;0.6033517271032682
2020-09-17 10:01:36;service-7edf3130-7e71-11eb-88ac-d8cb8af1e959;group1;eu;0.6203690536937663
2020-09-17 10:01:36;service-7edf5819-7e71-11eb-800c-d8cb8af1e959;group1;eu;0.6207285758911075
2020-09-17 10:01:36;service-7edf3132-7e71-11eb-a32d-d8cb8af1e959;group1;eu;0.5780334546465045
2020-09-17 10:02:06;service-7edf312e-7e71-11eb-aac0-d8cb8af1e959;group1;eu;0.12356978101871066
2020-09-17 10:02:06;service-7edf312f-7e71-11eb-a3f8-d8cb8af1e959;group1;eu;0.18869171172626997
2020-09-17 10:02:06;service-7edf3133-7e71-11eb-9bac-d8cb8af1e959;group1;eu;0.06760367616440244
2020-09-17 10:02:06;service-7edf3135-7e71-11eb-baf5-d8cb8af1e959;group1;eu;0.1445507494375552
2020-09-17 10:02:06;service-7edf5818-7e71-11eb-b9e3-d8cb8af1e959;group1;eu;0.19885572137212965
2020-09-17 10:02:06;service-7edf3131-7e71-11eb-9cb2-d8cb8af1e959;group1;eu;0.2169556228776764
2020-09-17 10:02:06;service-7edf3134-7e71-11eb-9d1a-d8cb8af1e959;group1;eu;0.18317525027212614
2020-09-17 10:02:06;service-7edf3130-7e71-11eb-88ac-d8cb8af1e959;group1;eu;0.38589836106859704
2020-09-17 10:02:06;service-7edf5819-7e71-11eb-800c-d8cb8af1e959;group1;eu;0.24518195978115206
2020-09-17 10:02:06;service-7edf3132-7e71-11eb-a32d-d8cb8af1e959;group1;eu;0.2020234060532878
2020-09-17 10:02:36;service-7edf312e-7e71-11eb-aac0-d8cb8af1e959;group1;eu;0.03638096552265252
2020-09-17 10:02:36;service-7edf312f-7e71-11eb-a3f8-d8cb8af1e959;group1;eu;0.16964826422884463
2020-09-17 10:02:36;service-7edf3133-7e71-11eb-9bac-d8cb8af1e959;group1;eu;0.2426550449148349
2020-09-17 10:02:36;service-7edf3135-7e71-11eb-baf5-d8cb8af1e959;group1;eu;0.1027793392095124
2020-09-17 10:02:36;service-7edf5818-7e71-11eb-b9e3-d8cb8af1e959;group1;eu;0.1887463550196236
2020-09-17 10:02:36;service-7edf3131-7e71-11eb-9cb2-d8cb8af1e959;group1;eu;0.1501980375600525
2020-09-17 10:02:36;service-7edf3134-7e71-11eb-9d1a-d8cb8af1e959;group1;eu;0.1378570783709501
2020-09-17 10:02:36;service-7edf3130-7e71-11eb-88ac-d8cb8af1e959;group1;eu;0.37815140423749666
2020-09-17 10:02:36;service-7edf5819-7e71-11eb-800c-d8cb8af1e959;group1;eu;0.19292778772885708
2020-09-17 10:02:36;service-7edf3132-7e71-11eb-a32d-d8cb8af1e959;group1;eu;0.1274995237913879
2020-09-17 10:03:06;service-7edf312e-7e71-11eb-aac0-d8cb8af1e959;group1;eu;0.10575636717062141
2020-09-17 10:03:06;service-7edf312f-7e71-11eb-a3f8-d8cb8af1e959;group1;eu;0.06205347925272282
2020-09-17 10:03:06;service-7edf3133-7e71-11eb-9bac-d8cb8af1e959;group1;eu;0.31777919667661214
2020-09-17 10:03:06;service-7edf3135-7e71-11eb-baf5-d8cb8af1e959;group1;eu;0.04634889142493914
2020-09-17 10:03:06;service-7edf5818-7e71-11eb-b9e3-d8cb8af1e959;group1;eu;0.05266969690154136
2020-09-17 10:03:06;service-7edf3131-7e71-11eb-9cb2-d8cb8af1e959;group1;eu;0.033356604950279804
2020-09-17 10:03:06;service-7edf3134-7e71-11eb-9d1a-d8cb8af1e959;group1;eu;0.04754449938181929
2020-09-17 10:03:06;service-7edf3130-7e71-11eb-88ac-d8cb8af1e959;group1;eu;0.20492970656445994
2020-09-17 10:03:06;service-7edf5819-7e71-11eb-800c-d8cb8af1e959;group1;eu;0.008100396749572232
2020-09-17 10:03:06;service-7edf3132-7e71-11eb-a32d-d8cb8af1e959;group1;eu;0.08942840238930462
2020-09-17 10:03:36;service-7edf312e-7e71-11eb-aac0-d8cb8af1e959;group1;eu;0.23976723124100194
2020-09-17 10:03:36;service-7edf312f-7e71-11eb-a3f8-d8cb8af1e959;group1;eu;0.08324887522140444
2020-09-17 10:03:36;service-7edf3133-7e71-11eb-9bac-d8cb8af1e959;group1;eu;0.20354325916872068
2020-09-17 10:03:36;service-7edf3135-7e71-11eb-baf5-d8cb8af1e959;group1;eu;0.17383934236801163
2020-09-17 10:03:36;service-7edf5818-7e71-11eb-b9e3-d8cb8af1e959;group1;eu;0.1083434876672353
2020-09-17 10:03:36;service-7edf3131-7e71-11eb-9cb2-d8cb8af1e959;group1;eu;0.14583710286150708
2020-09-17 10:03:36;service-7edf3134-7e71-11eb-9d1a-d8cb8af1e959;group1;eu;0.17370752289842753
2020-09-17 10:03:36;service-7edf3130-7e71-11eb-88ac-d8cb8af1e959;group1;eu;0.046979815201370435
2020-09-17 10:03:36;service-7edf5819-7e71-11eb-800c-d8cb8af1e959;group1;eu;0.16706863791583917
2020-09-17 10:03:36;service-7edf3132-7e71-11eb-a32d-d8cb8af1e959;group1;eu;0.2333637300522891
2020-09-17 10:04:06;service-7edf312e-7e71-11eb-aac0-d8cb8af1e959;group1;eu;0.009774082776813041
2020-09-17 10:04:06;service-7edf312f-7e71-11eb-a3f8-d8cb8af1e959;group1;eu;0.15411938013990645
2020-09-17 10:04:06;service-7edf3133-7e71-11eb-9bac-d8cb8af1e959;group1;eu;0.3190151624159139
2020-09-17 10:04:06;service-7edf3135-7e71-11eb-baf5-d8cb8af1e959;group1;eu;0.030565652775568
2020-09-17 10:04:06;service-7edf5818-7e71-11eb-b9e3-d8cb8af1e959;group1;eu;0.07683596555144576
2020-09-17 10:04:06;service-7edf3131-7e71-11eb-9cb2-d8cb8af1e959;group1;eu;0.047578228472730896
2020-09-17 10:04:06;service-7edf3134-7e71-11eb-9d1a-d8cb8af1e959;group1;eu;0.027834874764837588
2020-09-17 10:04:06;service-7edf3130-7e71-11eb-88ac-d8cb8af1e959;group1;eu;0.08319415212156628
2020-09-17 10:04:06;service-7edf5819-7e71-11eb-800c-d8cb8af1e959;group1;eu;0.03944838373889777
2020-09-17 10:04:06;service-7edf3132-7e71-11eb-a32d-d8cb8af1e959;group1;eu;0.026662866794950314
2020-09-17 10:04:36;service-7edf312e-7e71-11eb-aac0-d8cb8af1e959;group1;eu;0.1134375122097226
2020-09-17 10:04:36;service-7edf312f-7e71-11eb-a3f8-d8cb8af1e959;group1;eu;0.2209522916357773
2020-09-17 10:04:36;service-7edf3133-7e71-11eb-9bac-d8cb8af1e959;group1;eu;0.32630483529609905
2020-09-17 10:04:36;service-7edf3135-7e71-11eb-baf5-d8cb8af1e959;group1;eu;0.10453787305327034
2020-09-17 10:04:36;service-7edf5818-7e71-11eb-b9e3-d8cb8af1e959;group1;eu;0.10985935587664175
2020-09-17 10:04:36;service-7edf3131-7e71-11eb-9cb2-d8cb8af1e959;group1;eu;0.09731293287273385
2020-09-17 10:04:36;service-7edf3134-7e71-11eb-9d1a-d8cb8af1e959;group1;eu;0.01308386543574459
2020-09-17 10:04:36;service-7edf3130-7e71-11eb-88ac-d8cb8af1e959;group1;eu;0.07239999053824756
2020-09-17 10:04:36;service-7edf5819-7e71-11eb-800c-d8cb8af1e959;group1;eu;0.12774371498812448
2020-09-17 10:04:36;service-7edf3132-7e71-11eb-a32d-d8cb8af1e959;group1;eu;0.06829366934953145
2020-09-17 10:05:06;service-7edf312e-7e71-11eb-aac0-d8cb8af1e959;group1;eu;0.1326222060463589
2020-09-17 10:05:06;service-7edf312f-7e71-11eb-a3f8-d8cb8af1e959;group1;eu;0.212403793538348
2020-09-17 10:05:06;service-7edf3133-7e71-11eb-9bac-d8cb8af1e959;group1;eu;0.292888144926735
2020-09-17 10:05:06;service-7edf3135-7e71-11eb-baf5-d8cb8af1e959;group1;eu;0.11459452357867082
2020-09-17 10:05:06;service-7edf5818-7e71-11eb-b9e3-d8cb8af1e959;group1;eu;0.08332900947567906
2020-09-17 10:05:06;service-7edf3131-7e71-11eb-9cb2-d8cb8af1e959;group1;eu;0.07479272250500675
2020-09-17 10:05:06;service-7edf3134-7e71-11eb-9d1a-d8cb8af1e959;group1;eu;0.08300830834238983
2020-09-17 10:05:06;service-7edf3130-7e71-11eb-88ac-d8cb8af1e959;group1;eu;0.0045014465554374305
2020-09-17 10:05:06;service-7edf5819-7e71-11eb-800c-d8cb8af1e959;group1;eu;0.1204007625038918
2020-09-17 10:05:06;service-7edf3132-7e71-11eb-a32d-d8cb8af1e959;group1;eu;0.06299004675478904
2020-09-17 10:05:36;service-7edf312e-7e71-11eb-aac0-d8cb8af1e959;group1;eu;0.19857236006108298
2020-09-17 10:05:36;service-7edf312f-7e71-11eb-a3f8-d8cb8af1e959;group1;eu;0.25453911291128567
2020-09-17 10:05:36;service-7edf3133-7e71-11eb-9bac-d8cb8af1e959;group1;eu;0.28931373691210444
2020-09-17 10:05:36;service-7edf3135-7e71-11eb-baf5-d8cb8af1e959;group1;eu;0.14174390495656156
2020-09-17 10:05:36;service-7edf5818-7e71-11eb-b9e3-d8cb8af1e959;group1;eu;0.09282230440966
2020-09-17 10:05:36;service-7edf3131-7e71-11eb-9cb2-d8cb8af1e959;group1;eu;0.13761002989083226
2020-09-17 10:05:36;service-7edf3134-7e71-11eb-9d1a-d8cb8af1e959;group1;eu;0.07285373940937201
2020-09-17 10:05:36;service-7edf3130-7e71-11eb-88ac-d8cb8af1e959;group1;eu;0.04205292099086264
2020-09-17 10:05:36;service-7edf5819-7e71-11eb-800c-d8cb8af1e959;group1;eu;0.13937660614444983
2020-09-17 10:05:36;service-7edf3132-7e71-11eb-a32d-d8cb8af1e959;group1;eu;0.10875101785559085
2020-09-17 10:01:36;service-7edf312e-7e71-11eb-aac0-d8cb8af1e959;group1;eu;0.04180466464103149
2020-09-17 10:01:36;service-7edf312f-7e71-11eb-a3f8-d8cb8af1e959;group1;eu;0.18281718713461553
2020-09-17 10:01:36;service-7edf3133-7e71-11eb-9bac-d8cb8af1e959;group1;eu;0.19363467461883188
2020-09-17 10:01:36;service-7edf3135-7e71-11eb-baf5-d8cb8af1e959;group1;eu;0.24773813961911742
2020-09-17 10:01:36;service-7edf5818-7e71-11eb-b9e3-d8cb8af1e959;group1;eu;0.13877459870885822
2020-09-17 10:01:36;service-7edf3131-7e71-11eb-9cb2-d8cb8af1e959;group1;eu;0.19986126873091783
2020-09-17 10:01:36;service-7edf3134-7e71-11eb-9d1a-d8cb8af1e959;group1;eu;0.3038830414397683
2020-09-17 10:01:36;service-7edf3130-7e71-11eb-88ac-d8cb8af1e959;group1;eu;0.38205698372048874
2020-09-17 10:01:36;service-7edf5819-7e71-11eb-800c-d8cb8af1e959;group1;eu;0.08931851708778821
2020-09-17 10:01:36;service-7edf3132-7e71-11eb-a32d-d8cb8af1e959;group1;eu;0.2501910857376787
2020-09-17 10:02:06;service-7edf312e-7e71-11eb-aac0-d8cb8af1e959;group1;eu;0.06514616798835074
2020-09-17 10:02:06;service-7edf312f-7e71-11eb-a3f8-d8cb8af1e959;group1;eu;0.3812028163980787
2020-09-17 10:02:06;service-7edf3133-7e71-11eb-9bac-d8cb8af1e959;group1;eu;0.3465336302211821
2020-09-17 10:02:06;service-7edf3135-7e71-11eb-baf5-d8cb8af1e959;group1;eu;0.43948716481603584
2020-09-17 10:02:06;service-7edf5818-7e71-11eb-b9e3-d8cb8af1e959;group1;eu;0.3319179139127391
2020-09-17 10:02:06;service-7edf3131-7e71-11eb-9cb2-d8cb8af1e959;group1;eu;0.3393051748078452
2020-09-17 10:02:06;service-7edf3134-7e71-11eb-9d1a-d8cb8af1e959;group1;eu;0.44809520065648223
2020-09-17 10:02:06;service-7edf3130-7e71-11eb-88ac-d8cb8af1e959;group1;eu;0.5299275971451893
2020-09-17 10:02:06;service-7edf5819-7e71-11eb-800c-d8cb8af1e959;group1;eu;0.28567269425167685
2020-09-17 10:02:06;service-7edf3132-7e71-11eb-a32d-d8cb8af1e959;group1;eu;0.46548940453496235
2020-09-17 10:02:36;service-7edf312e-7e71-11eb-aac0-d8cb8af1e959;group1;eu;0.12823577701307387
2020-09-17 10:02:36;service-7edf312f-7e71-11eb-a3f8-d8cb8af1e959;group1;eu;0.25858866298955385
2020-09-17 10:02:36;service-7edf3133-7e71-11eb-9bac-d8cb8af1e959;group1;eu;0.13589364589108568
2020-09-17 10:02:36;service-7edf3135-7e71-11eb-baf5-d8cb8af1e959;group1;eu;0.3399537575371044
2020-09-17 10:02:36;service-7edf5818-7e71-11eb-b9e3-d8cb8af1e959;group1;eu;0.1940876385706761
2020-09-17 10:02:36;service-7edf3131-7e71-11eb-9cb2-d8cb8af1e959;group1;eu;0.0994037695324158
2020-09-17 10:02:36;service-7edf3134-7e71-11eb-9d1a-d8cb8af1e959;group1;eu;0.3511243521626204
2020-09-17 10:02:36;service-7edf3130-7e71-11eb-88ac-d8cb8af1e959;group1;eu;0.4075792117026287
2020-09-17 10:02:36;service-7edf5819-7e71-11eb-800c-d8cb8af1e959;group1;eu;0.14127447604302673
2020-09-17 10:02:36;service-7edf3132-7e71-11eb-a32d-d8cb8af1e959;group1;eu;0.35836985379647834
2020-09-17 10:03:06;service-7edf312e-7e71-11eb-aac0-d8cb8af1e959;group1;eu;0.14770958404618192
2020-09-17 10:03:06;service-7edf312f-7e71-11eb-a3f8-d8cb8af1e959;group1;eu;0.17619085252740369
2020-09-17 10:03:06;service-7edf3133-7e71-11eb-9bac-d8cb8af1e959;group1;eu;0.003923444770108945
2020-09-17 10:03:06;service-7edf3135-7e71-11eb-baf5-d8cb8af1e959;group1;eu;0.3078158208980975
2020-09-17 10:03:06;service-7edf5818-7e71-11eb-b9e3-d8cb8af1e959;group1;eu;0.12391224012666911
2020-09-17 10:03:06;service-7edf3131-7e71-11eb-9cb2-d8cb8af1e959;group1;eu;0.10401677677455526
2020-09-17 10:03:06;service-7edf3134-7e71-11eb-9d1a-d8cb8af1e959;group1;eu;0.33451652468509424
2020-09-17 10:03:06;service-7edf3130-7e71-11eb-88ac-d8cb8af1e959;group1;eu;0.30641275626529685
2020-09-17 10:03:06;service-7edf5819-7e71-11eb-800c-d8cb8af1e959;group1;eu;0.06705456996082244
2020-09-17 10:03:06;service-7edf3132-7e71-11eb-a32d-d8cb8af1e959;group1;eu;0.31144188156567154
2020-09-17 10:03:36;service-7edf312e-7e71-11eb-aac0-d8cb8af1e959;group1;eu;0.26733487145189105
2020-09-17 10:03:36;service-7edf312f-7e71-11eb-a3f8-d8cb8af1e959;group1;eu;0.006798599605690486
2020-09-17 10:03:36;service-7edf3133-7e71-11eb-9bac-d8cb8af1e959;group1;eu;0.17691149116888827
2020-09-17 10:03:36;service-7edf3135-7e71-11eb-baf5-d8cb8af1e959;group1;eu;0.16987004956659404
2020-09-17 10:03:36;service-7edf5818-7e71-11eb-b9e3-d8cb8af1e959;group1;eu;0.06345297535671113
2020-09-17 10:03:36;service-7edf3131-7e71-11eb-9cb2-d8cb8af1e959;group1;eu;0.35728587586604105
2020-09-17 10:03:36;service-7edf3134-7e71-11eb-9d1a-d8cb8af1e959;group1;eu;0.1893044226866355
2020-09-17 10:03:36;service-7edf3130-7e71-11eb-88ac-d8cb8af1e959;group1;eu;0.08494391288043007
2020-09-17 10:03:36;service-7edf5819-7e71-11eb-800c-d8cb8af1e959;group1;eu;0.12176879196232908
2020-09-17 10:03:36;service-7edf3132-7e71-11eb-a32d-d8cb8af1e959;group1;eu;0.16569495725790986
2020-09-17 10:04:06;service-7edf312e-7e71-11eb-aac0-d8cb8af1e959;group1;eu;0.36938414202738906
2020-09-17 10:04:06;service-7edf312f-7e71-11eb-a3f8-d8cb8af1e959;group1;eu;0.24230955705731547
2020-09-17 10:04:06;service-7edf3133-7e71-11eb-9bac-d8cb8af1e959;group1;eu;0.39102587937762
2020-09-17 10:04:06;service-7edf3135-7e71-11eb-baf5-d8cb8af1e959;group1;eu;0.0504114965804023
2020-09-17 10:04:06;service-7edf5818-7e71-11eb-b9e3-d8cb8af1e959;group1;eu;0.25806198225228116
2020-09-17 10:04:06;service-7edf3131-7e71-11eb-9cb2-d8cb8af1e959;group1;eu;0.5914543413677619
2020-09-17 10:04:06;service-7edf3134-7e71-11eb-9d1a-d8cb8af1e959;group1;eu;0.08137424804318416
2020-09-17 10:04:06;service-7edf3130-7e71-11eb-88ac-d8cb8af1e959;group1;eu;0.21312982997065663
2020-09-17 10:04:06;service-7edf5819-7e71-11eb-800c-d8cb8af1e959;group1;eu;0.3355425129592648
2020-09-17 10:04:06;service-7edf3132-7e71-11eb-a32d-d8cb8af1e959;group1;eu;0.1202173968790187
2020-09-17 10:04:36;service-7edf312e-7e71-11eb-aac0-d8cb8af1e959;group1;eu;0.2698961670696972
2020-09-17 10:04:36;service-7edf312f-7e71-11eb-a3f8-d8cb8af1e959;group1;eu;0.26269843295291107
2020-09-17 10:04:36;service-7edf3133-7e71-11eb-9bac-d8cb8af1e959;group1;eu;0.38448518493361283
2020-09-17 10:04:36;service-7edf3135-7e71-11eb-baf5-d8cb8af1e959;group1;eu;0.0650081628029818
2020-09-17 10:04:36;service-7edf5818-7e71-11eb-b9e3-d8cb8af1e959;group1;eu;0.25052210824185006
2020-09-17 10:04:36;service-7edf3131-7e71-11eb-9cb2-d8cb8af1e959;group1;eu;0.6361135179204304
2020-09-17 10:04:36;service-7edf3134-7e71-11eb-9d1a-d8cb8af1e959;group1;eu;0.17083621845756694
2020-09-17 10:04:36;service-7edf3130-7e71-11eb-88ac-d8cb8af1e959;group1;eu;0.3091879813661268
2020-09-17 10:04:36;service-7edf5819-7e71-11eb-800c-d8cb8af1e959;group1;eu;0.33394601268161905
2020-09-17 10:04:36;service-7edf3132-7e71-11eb-a32d-d8cb8af1e959;group1;eu;0.20546327227562106
2020-09-17 10:05:06;service-7edf312e-7e71-11eb-aac0-d8cb8af1e959;group1;eu;0.20747913066715742
2020-09-17 10:05:06;service-7edf312f-7e71-11eb-a3f8-d8cb8af1e959;group1;eu;0.21452576102929627
2020-09-17 10:05:06;service-7edf3133-7e71-11eb-9bac-d8cb8af1e959;group1;eu;0.2519602117915837
2020-09-17 10:05:06;service-7edf3135-7e71-11eb-baf5-d8cb8af1e959;group1;eu;0.06548659751536644
2020-09-17 10:05:06;service-7edf5818-7e71-11eb-b9e3-d8cb8af1e959;group1;eu;0.21695167348818503
2020-09-17 10:05:06;service-7edf3131-7e71-11eb-9cb2-d8cb8af1e959;group1;eu;0.6805255048003073
2020-09-17 10:05:06;service-7edf3134-7e71-11eb-9d1a-d8cb8af1e959;group1;eu;0.2121728850660342
2020-09-17 10:05:06;service-7edf3130-7e71-11eb-88ac-d8cb8af1e959;group1;eu;0.3795798305076458
2020-09-17 10:05:06;service-7edf5819-7e71-11eb-800c-d8cb8af1e959;group1;eu;0.2405639210709295
2020-09-17 10:05:06;service-7edf3132-7e71-11eb-a32d-d8cb8af1e959;group1;eu;0.28747913976340483
2020-09-17 10:05:36;service-7edf312e-7e71-11eb-aac0-d8cb8af1e959;group1;eu;0.2186033432400792
2020-09-17 10:05:36;service-7edf312f-7e71-11eb-a3f8-d8cb8af1e959;group1;eu;0.28667780687881644
2020-09-17 10:05:36;service-7edf3133-7e71-11eb-9bac-d8cb8af1e959;group1;eu;0.23593586247986745
2020-09-17 10:05:36;service-7edf3135-7e71-11eb-baf5-d8cb8af1e959;group1;eu;0.15620195657602387
2020-09-17 10:05:36;service-7edf5818-7e71-11eb-b9e3-d8cb8af1e959;group1;eu;0.2657893976037718
2020-09-17 10:05:36;service-7edf3131-7e71-11eb-9cb2-d8cb8af1e959;group1;eu;0.7577863263298726
2020-09-17 10:05:36;service-7edf3134-7e71-11eb-9d1a-d8cb8af1e959;group1;eu;0.3552231870141458
2020-09-17 10:05:36;service-7edf3130-7e71-11eb-88ac-d8cb8af1e959;group1;eu;0.5113175220461941
2020-09-17 10:05:36;service-7edf5819-7e71-11eb-800c-d8cb8af1e959;group1;eu;0.2638374650232784
2020-09-17 10:05:36;service-7edf3132-7e71-11eb-a32d-d8cb8af1e959;group1;eu;0.5229055611439315
2020-09-17 10:01:33;service-7edf312e-7e71-11eb-aac0-d8cb8af1e959;group1;eu;0.8230728751832949
2020-09-17 10:01:33;service-7edf312f-7e71-11eb-a3f8-d8cb8af1e959;group1;eu;0.8481511827289535
2020-09-17 10:01:33;service-7edf3133-7e71-11eb-9bac-d8cb8af1e959;group1;eu;0.8317319451604511
2020-09-17 10:01:33;service-7edf3135-7e71-11eb-baf5-d8cb8af1e959;group1;eu;0.8423333742719509
2020-09-17 10:01:33;service-7edf5818-7e71-11eb-b9e3-d8cb8af1e959;group1;eu;0.8753312031888374
2020-09-17 10:01:33;service-7edf3131-7e71-11eb-9cb2-d8cb8af1e959;group1;eu;0.9191747339909668
2020-09-17 10:01:33;service-7edf3134-7e71-11eb-9d1a-d8cb8af1e959;group1;eu;0.857896439295833
2020-09-17 10:01:33;service-7edf3130-7e71-11eb-88ac-d8cb8af1e959;group1;eu;0.850975955824006
2020-09-17 10:01:33;service-7edf5819-7e71-11eb-800c-d8cb8af1e959;group1;eu;0.8622439457408768
2020-09-17 10:01:33;service-7edf3132-7e71-11eb-a32d-d8cb8af1e959;group1;eu;0.8871438672708092
2020-09-17 10:02:03;service-7edf312e-7e71-11eb-aac0-d8cb8af1e959;group1;eu;0.589420604973712
2020-09-17 10:02:03;service-7edf312f-7e71-11eb-a3f8-d8cb8af1e959;group1;eu;0.6603021146937359
2020-09-17 10:02:03;service-7edf3133-7e71-11eb-9bac-d8cb8af1e959;group1;eu;0.5634244374663004
2020-09-17 10:02:03;service-7edf3135-7e71-11eb-baf5-d8cb8af1e959;group1;eu;0.6473030512608279
2020-09-17 10:02:03;service-7edf5818-7e71-11eb-b9e3-d8cb8af1e959;group1;eu;0.7188388667272386
2020-09-17 10:02:03;service-7edf3131-7e71-11eb-9cb2-d8cb8af1e959;group1;eu;0.7448542279496331
2020-09-17 10:02:03;service-7edf3134-7e71-11eb-9d1a-d8cb8af1e959;group1;eu;0.64062435821108
2020-09-17 10:02:03;service-7edf3130-7e71-11eb-88ac-d8cb8af1e959;group1;eu;0.6031267168823037
2020-09-17 10:02:03;service-7edf5819-7e71-11eb-800c-d8cb8af1e959;group1;eu;0.6822292945985786
2020-09-17 10:02:03;service-7edf3132-7e71-11eb-a32d-d8cb8af1e959;group1;eu;0.7148125451536007
2020-09-17 10:02:33;service-7edf312e-7e71-11eb-aac0-d8cb8af1e959;group1;eu;0.37775869604765455
2020-09-17 10:02:33;service-7edf312f-7e71-11eb-a3f8-d8cb8af1e959;group1;eu;0.49366729853386654
2020-09-17 10:02:33;service-7edf3133-7e71-11eb-9bac-d8cb8af1e959;group1;eu;0.31153254171699746
2020-09-17 10:02:33;service-7edf3135-7e71-11eb-baf5-d8cb8af1e959;group1;eu;0.4812095655876087
2020-09-17 10:02:33;service-7edf5818-7e71-11eb-b9e3-d8cb8af1e959;group1;eu;0.5933857593582695
2020-09-17 10:02:33;service-7edf3131-7e71-11eb-9cb2-d8cb8af1e959;group1;eu;0.5683948436620322
2020-09-17 10:02:33;service-7edf3134-7e71-11eb-9d1a-d8cb8af1e959;group1;eu;0.4380300587827439
2020-09-17 10:02:33;service-7edf3130-7e71-11eb-88ac-d8cb8af1e959;group1;eu;0.35856272133920497
2020-09-17 10:02:33;service-7edf5819-7e71-11eb-800c-d8cb8af1e959;group1;eu;0.5280908655183779
2020-09-17 10:02:33;service-7edf3132-7e71-11eb-a32d-d8cb8af1e959;group1;eu;0.5510144169864447
2020-09-17 10:03:03;service-7edf312e-7e71-11eb-aac0-d8cb8af1e959;group1;eu;0.07968853179963
2020-09-17 10:03:03;service-7edf312f-7e71-11eb-a3f8-d8cb8af1e959;group1;eu;0.08079668001734817
2020-09-17 10:03:03;service-7edf3133-7e71-11eb-9bac-d8cb8af1e959;group1;eu;0.1662988248945666
2020-09-17 10:03:03;service-7edf3135-7e71-11eb-baf5-d8cb8af1e959;group1;eu;0.09463453290259834
2020-09-17 10:03:03;service-7edf5818-7e71-11eb-b9e3-d8cb8af1e959;group1;eu;0.2682648099531502
2020-09-17 10:03:03;service-7edf3131-7e71-11eb-9cb2-d8cb8af1e959;group1;eu;0.13930085551734211
2020-09-17 10:03:03;service-7edf3134-7e71-11eb-9d1a-d8cb8af1e959;group1;eu;0.029294152495866647
2020-09-17 10:03:03;service-7edf3130-7e71-11eb-88ac-d8cb8af1e959;group1;eu;0.16035505906046107
2020-09-17 10:03:03;service-7edf5819-7e71-11eb-800c-d8cb8af1e959;group1;eu;0.1368515944767989
2020-09-17 10:03:03;service-7edf3132-7e71-11eb-a32d-d8cb8af1e959;group1;eu;0.1798296493641271
2020-09-17 10:03:33;service-7edf312e-7e71-11eb-aac0-d8cb8af1e959;group1;eu;0.31784313857232477
2020-09-17 10:03:33;service-7edf312f-7e71-11eb-a3f8-d8cb8af1e959;group1;eu;0.19194170329365629
2020-09-17 10:03:33;service-7edf3133-7e71-11eb-9bac-d8cb8af1e959;group1;eu;0.33715663948890734
2020-09-17 10:03:33;service-7edf3135-7e71-11eb-baf5-d8cb8af1e959;group1;eu;0.19172256078528804
2020-09-17 10:03:33;service-7edf5818-7e71-11eb-b9e3-d8cb8af1e959;group1;eu;0.0006074942145504111
2020-09-17 10:03:33;service-7edf3131-7e71-11eb-9cb2-d8cb8af1e959;group1;eu;0.15226304966811788
2020-09-17 10:03:33;service-7edf3134-7e71-11eb-9d1a-d8cb8af1e959;group1;eu;0.22417076998058716
2020-09-17 10:03:33;service-7edf3130-7e71-11eb-88ac-d8cb8af1e959;group1;eu;0.390670591224012
2020-09-17 10:03:33;service-7edf5819-7e71-11eb-800c-d8cb8af1e959;group1;eu;0.1350099410542839
2020-09-17 10:03:33;service-7edf3132-7e71-11eb-a32d-d8cb8af1e959;group1;eu;0.17179262428230224
2020-09-17 10:04:03;service-7edf312e-7e71-11eb-aac0-d8cb8af1e959;group1;eu;0.2768634205385834
2020-09-17 10:04:03;service-7edf312f-7e71-11eb-a3f8-d8cb8af1e959;group1;eu;0.1793171894160306
2020-09-17 10:04:03;service-7edf3133-7e71-11eb-9bac-d8cb8af1e959;group1;eu;0.2970629118900333
2020-09-17 10:04:03;service-7edf3135-7e71-11eb-baf5-d8cb8af1e959;group1;eu;0.1781586124827993
2020-09-17 10:04:03;service-7edf5818-7e71-11eb-b9e3-d8cb8af1e959;group1;eu;0.04847038604351034
2020-09-17 10:04:03;service-7edf3131-7e71-11eb-9cb2-d8cb8af1e959;group1;eu;0.11569903889179202
2020-09-17 10:04:03;service-7edf3134-7e71-11eb-9d1a-d8cb8af1e959;group1;eu;0.17885077486438478
2020-09-17 10:04:03;service-7edf3130-7e71-11eb-88ac-d8cb8af1e959;group1;eu;0.3500746190156438
2020-09-17 10:04:03;service-7edf5819-7e71-11eb-800c-d8cb8af1e959;group1;eu;0.11239146194570504
2020-09-17 10:04:03;service-7edf3132-7e71-11eb-a32d-d8cb8af1e959;group1;eu;0.1933004003079699
2020-09-17 10:04:33;service-7edf312e-7e71-11eb-aac0-d8cb8af1e959;group1;eu;0.23650147916672193
2020-09-17 10:04:33;service-7edf312f-7e71-11eb-a3f8-d8cb8af1e959;group1;eu;0.1711468498451588
2020-09-17 10:04:33;service-7edf3133-7e71-11eb-9bac-d8cb8af1e959;group1;eu;0.24952938405319486
2020-09-17 10:04:33;service-7edf3135-7e71-11eb-baf5-d8cb8af1e959;group1;eu;0.16701438098362553
2020-09-17 10:04:33;service-7edf5818-7e71-11eb-b9e3-d8cb8af1e959;group1;eu;0.10554137723421025
2020-09-17 10:04:33;service-7edf3131-7e71-11eb-9cb2-d8cb8af1e959;group1;eu;0.07752847304613532
2020-09-17 10:04:33;service-7edf3134-7e71-11eb-9d1a-d8cb8af1e959;group1;eu;0.1387220322051751
2020-09-17 10:04:33;service-7edf3130-7e71-11eb-88ac-d8cb8af1e959;group1;eu;0.299004350649748
2020-09-17 10:04:33;service-7edf5819-7e71-11eb-800c-d8cb8af1e959;group1;eu;0.10079757253825164
2020-09-17 10:04:33;service-7edf3132-7e71-11eb-a32d-d8cb8af1e959;group1;eu;0.24616511642766603
2020-09-17 10:05:03;service-7edf312e-7e71-11eb-aac0-d8cb8af1e959;group1;eu;0.2198468167691973
2020-09-17 10:05:03;service-7edf312f-7e71-11eb-a3f8-d8cb8af1e959;group1;eu;0.1890681677623715
2020-09-17 10:05:03;service-7edf3133-7e71-11eb-9bac-d8cb8af1e959;group1;eu;0.20311285456533346
2020-09-17 10:05:03;service-7edf3135-7e71-11eb-baf5-d8cb8af1e959;group1;eu;0.18800425464978193
2020-09-17 10:05:03;service-7edf5818-7e71-11eb-b9e3-d8cb8af1e959;group1;eu;0.18829471566306583
2020-09-17 10:05:03;service-7edf3131-7e71-11eb-9cb2-d8cb8af1e959;group1;eu;0.08683629181627936
2020-09-17 10:05:03;service-7edf3134-7e71-11eb-9d1a-d8cb8af1e959;group1;eu;0.12412401861231184
2020-09-17 10:05:03;service-7edf3130-7e71-11eb-88ac-d8cb8af1e959;group1;eu;0.281797492252834
2020-09-17 10:05:03;service-7edf5819-7e71-11eb-800c-d8cb8af1e959;group1;eu;0.11929765402278496
2020-09-17 10:05:03;service-7edf3132-7e71-11eb-a32d-d8cb8af1e959;group1;eu;0.28600222916711765
2020-09-17 10:05:33;service-7edf312e-7e71-11eb-aac0-d8cb8af1e959;group1;eu;0.05152347012632544
2020-09-17 10:05:33;service-7edf312f-7e71-11eb-a3f8-d8cb8af1e959;group1;eu;0.10598005263260532
2020-09-17 10:05:33;service-7edf3133-7e71-11eb-9bac-d8cb8af1e959;group1;eu;0.026793878755516504
2020-09-17 10:05:33;service-7edf3135-7e71-11eb-baf5-d8cb8af1e959;group1;eu;0.07637944653672495
2020-09-17 10:05:33;service-7edf5818-7e71-11eb-b9e3-d8cb8af1e959;group1;eu;0.1339954008061298
2020-09-17 10:05:33;service-7edf3131-7e71-11eb-9cb2-d8cb8af1e959;group1;eu;0.061834506983962756
2020-09-17 10:05:33;service-7edf3134-7e71-11eb-9d1a-d8cb8af1e959;group1;eu;0.012159763642850431
2020-09-17 10:05:33;service-7edf3130-7e71-11eb-88ac-d8cb8af1e959;group1;eu;0.12571563667330107
2020-09-17 10:05:33;service-7edf5819-7e71-11eb-800c-d8cb8af1e959;group1;eu;0.009099488745915844
2020-09-17 10:05:33;service-7edf3132-7e71-11eb-a32d-d8cb8af1e959;group1;eu;0.20079614359634085
2020-09-17 10:01:33;service-7edf312e-7e71-11eb-aac0-d8cb8af1e959;group1;eu;0.49781760030084
2020-09-17 10:01:33;service-7edf312f-7e71-11eb-a3f8-d8cb8af1e959;group1;eu;0.480508862380527
2020-09-17 10:01:33;service-7edf3133-7e71-11eb-9bac-d8cb8af1e959;group1;eu;0.49569832772451927
2020-09-17 10:01:33;service-7edf3135-7e71-11eb-baf5-d8cb8af1e959;group1;eu;0.507417069350025
2020-09-17 10:01:33;service-7edf5818-7e71-11eb-b9e3-d8cb8af1e959;group1;eu;0.503793606569969
2020-09-17 10:01:33;service-7edf3131-7e71-11eb-9cb2-d8cb8af1e959;group1;eu;0.5397446174780034
2020-09-17 10:01:33;service-7edf3134-7e71-11eb-9d1a-d8cb8af1e959;group1;eu;0.5055849968811813
2020-09-17 10:01:33;service-7edf3130-7e71-11eb-88ac-d8cb8af1e959;group1;eu;0.42659899530006834
2020-09-17 10:01:33;service-7edf5819-7e71-11eb-800c-d8cb8af1e959;group1;eu;0.5516221425781784
2020-09-17 10:01:33;service-7edf3132-7e71-11eb-a32d-d8cb8af1e959;group1;eu;0.43034204335486964
2020-09-17 10:02:03;service-7edf312e-7e71-11eb-aac0-d8cb8af1e959;group1;eu;0.12074737452384521
2020-09-17 10:02:03;service-7edf312f-7e71-11eb-a3f8-d8cb8af1e959;group1;eu;0.03910022997726951
2020-09-17 10:02:03;service-7edf3133-7e71-11eb-9bac-d8cb8af1e959;group1;eu;0.06510565679764597
2020-09-17 10:02:03;service-7edf3135-7e71-11eb-baf5-d8cb8af1e959;group1;eu;0.050712682609520186
2020-09-17 10:02:03;service-7edf5818-7e71-11eb-b9e3-d8cb8af1e959;group1;eu;0.1179372182337169
2020-09-17 10:02:03;service-7edf3131-7e71-11eb-9cb2-d8cb8af1e959;group1;eu;0.1460128606365042
2020-09-17 10:02:03;service-7edf3134-7e71-11eb-9d1a-d8cb8af1e959;group1;eu;0.08664951320182543
2020-09-17 10:02:03;service-7edf3130-7e71-11eb-88ac-d8cb8af1e959;group1;eu;0.05615809770246133
2020-09-17 10:02:03;service-7edf5819-7e71-11eb-800c-d8cb8af1e959;group1;eu;0.15943947093887595
2020-09-17 10:02:03;service-7edf3132-7e71-11eb-a32d-d8cb8af1e959;group1;eu;0.029871631532881138
2020-09-17 10:02:33;service-7edf312e-7e71-11eb-aac0-d8cb8af1e959;group1;eu;0.08734103346939748
2020-09-17 10:02:33;service-7edf312f-7e71-11eb-a3f8-d8cb8af1e959;group1;eu;0.09005153401520709
2020-09-17 10:02:33;service-7edf3133-7e71-11eb-9bac-d8cb8af1e959;group1;eu;0.17781418704943597
2020-09-17 10:02:33;service-7edf3135-7e71-11eb-baf5-d8cb8af1e959;group1;eu;0.10217728872726325
2020-09-17 10:02:33;service-7edf5818-7e71-11eb-b9e3-d8cb8af1e959;group1;eu;0.08820703066522335
2020-09-17 10:02:33;service-7edf3131-7e71-11eb-9cb2-d8cb8af1e959;group1;eu;0.06754770238809822
2020-09-17 10:02:33;service-7edf3134-7e71-11eb-9d1a-d8cb8af1e959;group1;eu;0.02715927208940833
2020-09-17 10:02:33;service-7edf3130-7e71-11eb-88ac-d8cb8af1e959;group1;eu;0.11751809333572653
2020-09-17 10:02:33;service-7edf5819-7e71-11eb-800c-d8cb8af1e959;group1;eu;0.02504604761950915
2020-09-17 10:02:33;service-7edf3132-7e71-11eb-a32d-d8cb8af1e959;group1;eu;0.0461404563166533
2020-09-17 10:03:03;service-7edf312e-7e71-11eb-aac0-d8cb8af1e959;group1;eu;0.047149449500751985
2020-09-17 10:03:03;service-7edf312f-7e71-11eb-a3f8-d8cb8af1e959;group1;eu;0.24262765285664536
2020-09-17 10:03:03;service-7edf3133-7e71-11eb-9bac-d8cb8af1e959;group1;eu;0.29620666085355185
2020-09-17 10:03:03;service-7edf3135-7e71-11eb-baf5-d8cb8af1e959;group1;eu;0.21619014814698395
2020-09-17 10:03:03;service-7edf5818-7e71-11eb-b9e3-d8cb8af1e959;group1;eu;0.03742598194886804
2020-09-17 10:03:03;service-7edf3131-7e71-11eb-9cb2-d8cb8af1e959;group1;eu;0.04052615730219982
2020-09-17 10:03:03;service-7edf3134-7e71-11eb-9d1a-d8cb8af1e959;group1;eu;0.13553676001219073
2020-09-17 10:03:03;service-7edf3130-7e71-11eb-88ac-d8cb8af1e959;group1;eu;0.20493123722783502
2020-09-17 10:03:03;service-7edf5819-7e71-11eb-800c-d8cb8af1e959;group1;eu;0.15610129667055236
2020-09-17 10:03:03;service-7edf3132-7e71-11eb-a32d-d8cb8af1e959;group1;eu;0.20344208660677757
2020-09-17 10:03:33;service-7edf312e-7e71-11eb-aac0-d8cb8af1e959;group1;eu;0.06783164314307387
2020-09-17 10:03:33;service-7edf312f-7e71-11eb-a3f8-d8cb8af1e959;group1;eu;0.29053470308987994
2020-09-17 10:03:33;service-7edf3133-7e71-11eb-9bac-d8cb8af1e959;group1;eu;0.28871425107643983
2020-09-17 10:03:33;service-7edf3135-7e71-11eb-baf5-d8cb8af1e959;group1;eu;0.2315301667365901
2020-09-17 10:03:33;service-7edf5818-7e71-11eb-b9e3-d8cb8af1e959;group1;eu;0.0740112628335123
2020-09-17 10:03:33;service-7edf3131-7e71-11eb-9cb2-d8cb8af1e959;group1;eu;0.0048885693679122984
2020-09-17 10:03:33;service-7edf3134-7e71-11eb-9d1a-d8cb8af1e959;group1;eu;0.1544609024937825
2020-09-17 10:03:33;service-7edf3130-7e71-11eb-88ac-d8cb8af1e959;group1;eu;0.23357841917045571
2020-09-17 10:03:33;service-7edf5819-7e71-11eb-800c-d8cb8af1e959;group1;eu;0.24971195694487808
2020-09-17 10:03:33;service-7edf3132-7e71-11eb-a32d-d8cb8af1e959;group1;eu;0.2360434302178372
2020-09-17 10:04:03;service-7edf312e-7e71-11eb-aac0-d8cb8af1e959;group1;eu;0.09244635172638113
2020-09-17 10:04:03;service-7edf312f-7e71-11eb-a3f8-d8cb8af1e959;group1;eu;0.20859113897310116
2020-09-17 10:04:03;service-7edf3133-7e71-11eb-9bac-d8cb8af1e959;group1;eu;0.20980264425239842
2020-09-17 10:04:03;service-7edf3135-7e71-11eb-baf5-d8cb8af1e959;group1;eu;0.13766255711433426
2020-09-17 10:04:03;service-7edf5818-7e71-11eb-b9e3-d8cb8af1e959;group1;eu;0.04502234924718087
2020-09-17 10:04:03;service-7edf3131-7e71-11eb-9cb2-d8cb8af1e959;group1;eu;0.07962738774038067
2020-09-17 10:04:03;service-7edf3134-7e71-11eb-9d1a-d8cb8af1e959;group1;eu;0.0028217500856036926
2020-09-17 10:04:03;service-7edf3130-7e71-11eb-88ac-d8cb8af1e959;group1;eu;0.08431550310910695
2020-09-17 10:04:03;service-7edf5819-7e71-11eb-800c-d8cb8af1e959;group1;eu;0.19753854257660294
2020-09-17 10:04:03;service-7edf3132-7e71-11eb-a32d-d8cb8af1e959;group1;eu;0.1282727371093285
2020-09-17 10:04:33;service-7edf312e-7e71-11eb-aac0-d8cb8af1e959;group1;eu;0.2638807801751228
2020-09-17 10:04:33;service-7edf312f-7e71-11eb-a3f8-d8cb8af1e959;group1;eu;0.09160265762441404
2020-09-17 10:04:33;service-7edf3133-7e71-11eb-9bac-d8cb8af1e959;group1;eu;0.06701610568166726
2020-09-17 10:04:33;service-7edf3135-7e71-11eb-baf5-d8cb8af1e959;group1;eu;0.021253521345118428
2020-09-17 10:04:33;service-7edf5818-7e71-11eb-b9e3-d8cb8af1e959;group1;eu;0.15398667405409305
2020-09-17 10:04:33;service-7edf3131-7e71-11eb-9cb2-d8cb8af1e959;group1;eu;0.21208711819452322
2020-09-17 10:04:33;service-7edf3134-7e71-11eb-9d1a-d8cb8af1e959;group1;eu;0.20235270502154848
2020-09-17 10:04:33;service-7edf3130-7e71-11eb-88ac-d8cb8af1e959;group1;eu;0.1436937404996534
2020-09-17 10:04:33;service-7edf5819-7e71-11eb-800c-d8cb8af1e959;group1;eu;0.09640229519518924
2020-09-17 10:04:33;service-7edf3132-7e71-11eb-a32d-d8cb8af1e959;group1;eu;0.03127518115875684
2020-09-17 10:05:03;service-7edf312e-7e71-11eb-aac0-d8cb8af1e959;group1;eu;0.4890792195722458
2020-09-17 10:05:03;service-7edf312f-7e71-11eb-a3f8-d8cb8af1e959;group1;eu;0.20554800584125213
2020-09-17 10:05:03;service-7edf3133-7e71-11eb-9bac-d8cb8af1e959;group1;eu;0.23041074963000566
2020-09-17 10:05:03;service-7edf3135-7e71-11eb-baf5-d8cb8af1e959;group1;eu;0.2555898061386561
2020-09-17 10:05:03;service-7edf5818-7e71-11eb-b9e3-d8cb8af1e959;group1;eu;0.37049934850388555
2020-09-17 10:05:03;service-7edf3131-7e71-11eb-9cb2-d8cb8af1e959;group1;eu;0.4418250468164091
2020-09-17 10:05:03;service-7edf3134-7e71-11eb-9d1a-d8cb8af1e959;group1;eu;0.49236562211694507
2020-09-17 10:05:03;service-7edf3130-7e71-11eb-88ac-d8cb8af1e959;group1;eu;0.4269906785449588
2020-09-17 10:05:03;service-7edf5819-7e71-11eb-800c-d8cb8af1e959;group1;eu;0.2079664452082591
2020-09-17 10:05:03;service-7edf3132-7e71-11eb-a32d-d8cb8af1e959;group1;eu;0.3420613511152435
2020-09-17 10:05:33;service-7edf312e-7e71-11eb-aac0-d8cb8af1e959;group1;eu;0.5436800306584217
2020-09-17 10:05:33;service-7edf312f-7e71-11eb-a3f8-d8cb8af1e959;group1;eu;0.28082703551974963
2020-09-17 10:05:33;service-7edf3133-7e71-11eb-9bac-d8cb8af1e959;group1;eu;0.3026343811207992
2020-09-17 10:05:33;service-7edf3135-7e71-11eb-baf5-d8cb8af1e959;group1;eu;0.3154951285577635
2020-09-17 10:05:33;service-7edf5818-7e71-11eb-b9e3-d8cb8af1e959;group1;eu;0.3880475075803757
2020-09-17 10:05:33;service-7edf3131-7e71-11eb-9cb2-d8cb8af1e959;group1;eu;0.46993198390078245
2020-09-17 10:05:33;service-7edf3134-7e71-11eb-9d1a-d8cb8af1e959;group1;eu;0.5998345945074609
2020-09-17 10:05:33;service-7edf3130-7e71-11eb-88ac-d8cb8af1e959;group1;eu;0.5083010363036293
2020-09-17 10:05:33;service-7edf5819-7e71-11eb-800c-d8cb8af1e959;group1;eu;0.2912807525241041
2020-09-17 10:05:33;service-7edf3132-7e71-11eb-a32d-d8cb8af1e959;group1;eu;0.43132482416002027
2020-09-17 10:01:33;service-7edf312e-7e71-11eb-aac0-d8cb8af1e959;group1;eu;0.8077088531634029
2020-09-17 10:01:33;service-7edf312f-7e71-11eb-a3f8-d8cb8af1e959;group1;eu;0.7446259392005123
2020-09-17 10:01:33;service-7edf3133-7e71-11eb-9bac-d8cb8af1e959;group1;eu;0.7368002097460687
2020-09-17 10:01:33;service-7edf3135-7e71-11eb-baf5-d8cb8af1e959;group1;eu;0.7605079481188688
2020-09-17 10:01:33;service-7edf5818-7e71-11eb-b9e3-d8cb8af1e959;group1;eu;0.7986988875967824
2020-09-17 10:01:33;service-7edf3131-7e71-11eb-9cb2-d8cb8af1e959;group1;eu;0.7982803827610646
2020-09-17 10:01:33;service-7edf3134-7e71-11eb-9d1a-d8cb8af1e959;group1;eu;0.8343715556517145
2020-09-17 10:01:33;service-7edf3130-7e71-11eb-88ac-d8cb8af1e959;group1;eu;0.7858687560422165
2020-09-17 10:01:33;service-7edf5819-7e71-11eb-800c-d8cb8af1e959;group1;eu;0.7639943904619066
2020-09-17 10:01:33;service-7edf3132-7e71-11eb-a32d-d8cb8af1e959;group1;eu;0.7935661475598954
2020-09-17 10:02:03;service-7edf312e-7e71-11eb-aac0-d8cb8af1e959;group1;eu;0.5603151287552468
2020-09-17 10:02:03;service-7edf312f-7e71-11eb-a3f8-d8cb8af1e959;group1;eu;0.45928090955098766
2020-09-17 10:02:03;service-7edf3133-7e71-11eb-9bac-d8cb8af1e959;group1;eu;0.37474457012306744
2020-09-17 10:02:03;service-7edf3135-7e71-11eb-baf5-d8cb8af1e959;group1;eu;0.4806801841979791
2020-09-17 10:02:03;service-7edf5818-7e71-11eb-b9e3-d8cb8af1e959;group1;eu;0.5626191432749159
2020-09-17 10:02:03;service-7edf3131-7e71-11eb-9cb2-d8cb8af1e959;group1;eu;0.5198217904158078
2020-09-17 10:02:03;service-7edf3134-7e71-11eb-9d1a-d8cb8af1e959;group1;eu;0.5971516037808564
2020-09-17 10:02:03;service-7edf3130-7e71-11eb-88ac-d8cb8af1e959;group1;eu;0.48398445815418883
2020-09-17 10:02:03;service-7edf5819-7e71-11eb-800c-d8cb8af1e959;group1;eu;0.49399431089116863
2020-09-17 10:02:03;service-7edf3132-7e71-11eb-a32d-d8cb8af1e959;group1;eu;0.5322333266394074
2020-09-17 10:02:33;service-7edf312e-7e71-11eb-aac0-d8cb8af1e959;group1;eu;0.4496599553832385
2020-09-17 10:02:33;service-7edf312f-7e71-11eb-a3f8-d8cb8af1e959;group1;eu;0.36124335869203367
2020-09-17 10:02:33;service-7edf3133-7e71-11eb-9bac-d8cb8af1e959;group1;eu;0.2793232443564866
2020-09-17 10:02:33;service-7edf3135-7e71-11eb-baf5-d8cb8af1e959;group1;eu;0.3819976342930392
2020-09-17 10:02:33;service-7edf5818-7e71-11eb-b9e3-d8cb8af1e959;group1;eu;0.4839627124252674
2020-09-17 10:02:33;service-7edf3131-7e71-11eb-9cb2-d8cb8af1e959;group1;eu;0.40249525873925335
2020-09-17 10:02:33;service-7edf3134-7e71-11eb-9d1a-d8cb8af1e959;group1;eu;0.4853160386593207
2020-09-17 10:02:33;service-7edf3130-7e71-11eb-88ac-d8cb8af1e959;group1;eu;0.37116280845376703
2020-09-17 10:02:33;service-7edf5819-7e71-11eb-800c-d8cb8af1e959;group1;eu;0.4056007377122295
2020-09-17 10:02:33;service-7edf3132-7e71-11eb-a32d-d8cb8af1e959;group1;eu;0.43835122475159
2020-09-17 10:03:03;service-7edf312e-7e71-11eb-aac0-d8cb8af1e959;group1;eu;0.23236403784776535
2020-09-17 10:03:03;service-7edf312f-7e71-11eb-a3f8-d8cb8af1e959;group1;eu;0.17585074246491691
2020-09-17 10:03:03;service-7edf3133-7e71-11eb-9bac-d8cb8af1e959;group1;eu;0.02060122139840251
2020-09-17 10:03:03;service-7edf3135-7e71-11eb-baf5-d8cb8af1e959;group1;eu;0.1743819650201192
2020-09-17 10:03:03;service-7edf5818-7e71-11eb-b9e3-d8cb8af1e959;group1;eu;0.33022481996898184
2020-09-17 10:03:03;service-7edf3131-7e71-11eb-9cb2-d8cb8af1e959;group1;eu;0.1677755169790727
2020-09-17 10:03:03;service-7edf3134-7e71-11eb-9d1a-d8cb8af1e959;group1;eu;0.2568352956857311
2020-09-17 10:03:03;service-7edf3130-7e71-11eb-88ac-d8cb8af1e959;group1;eu;0.11600827484021645
2020-09-17 10:03:03;service-7edf5819-7e71-11eb-800c-d8cb8af1e959;group1;eu;0.1941682560518043
2020-09-17 10:03:03;service-7edf3132-7e71-11eb-a32d-d8cb8af1e959;group1;eu;0.23665275369083782
2020-09-17 10:03:33;service-7edf312e-7e71-11eb-aac0-d8cb8af1e959;group1;eu;0.17016290300614473
2020-09-17 10:03:33;service-7edf312f-7e71-11eb-a3f8-d8cb8af1e959;group1;eu;0.1584852048429775
2020-09-17 10:03:33;service-7edf3133-7e71-11eb-9bac-d8cb8af1e959;group1;eu;0.33406728577736644
2020-09-17 10:03:33;service-7edf3135-7e71-11eb-baf5-d8cb8af1e959;group1;eu;0.1830818561231645
2020-09-17 10:03:33;service-7edf5818-7e71-11eb-b9e3-d8cb8af1e959;group1;eu;0.0017190677381532671
2020-09-17 10:03:33;service-7edf3131-7e71-11eb-9cb2-d8cb8af1e959;group1;eu;0.1855935005707039
2020-09-17 10:03:33;service-7edf3134-7e71-11eb-9d1a-d8cb8af1e959;group1;eu;0.12963776578552239
2020-09-17 10:03:33;service-7edf3130-7e71-11eb-88ac-d8cb8af1e959;group1;eu;0.28121160567033837
2020-09-17 10:03:33;service-7edf5819-7e71-11eb-800c-d8cb8af1e959;group1;eu;0.2005311008117683
2020-09-17 10:03:33;service-7edf3132-7e71-11eb-a32d-d8cb8af1e959;group1;eu;0.11194421847002964
2020-09-17 10:04:03;service-7edf312e-7e71-11eb-aac0-d8cb8af1e959;group1;eu;0.32888773662899556
2020-09-17 10:04:03;service-7edf312f-7e71-11eb-a3f8-d8cb8af1e959;group1;eu;0.3095430131303919
2020-09-17 10:04:03;service-7edf3133-7e71-11eb-9bac-d8cb8af1e959;group1;eu;0.44728281468599546
2020-09-17 10:04:03;service-7edf3135-7e71-11eb-baf5-d8cb8af1e959;group1;eu;0.3333792975265558
2020-09-17 10:04:03;service-7edf5818-7e71-11eb-b9e3-d8cb8af1e959;group1;eu;0.1847206985373411
2020-09-17 10:04:03;service-7edf3131-7e71-11eb-9cb2-d8cb8af1e959;group1;eu;0.31722806566731376
2020-09-17 10:04:03;service-7edf3134-7e71-11eb-9d1a-d8cb8af1e959;group1;eu;0.29819979690945353
2020-09-17 10:04:03;service-7edf3130-7e71-11eb-88ac-d8cb8af1e959;group1;eu;0.40474600536484356
2020-09-17 10:04:03;service-7edf5819-7e71-11eb-800c-d8cb8af1e959;group1;eu;0.3550558048373429
2020-09-17 10:04:03;service-7edf3132-7e71-11eb-a32d-d8cb8af1e959;group1;eu;0.2913326280884547
2020-09-17 10:04:33;service-7edf312e-7e71-11eb-aac0-d8cb8af1e959;group1;eu;0.321050271496952
2020-09-17 10:04:33;service-7edf312f-7e71-11eb-a3f8-d8cb8af1e959;group1;eu;0.29889404839103256
2020-09-17 10:04:33;service-7edf3133-7e71-11eb-9bac-d8cb8af1e959;group1;eu;0.4213424241868528
2020-09-17 10:04:33;service-7edf3135-7e71-11eb-baf5-d8cb8af1e959;group1;eu;0.33061509307347675
2020-09-17 10:04:33;service-7edf5818-7e71-11eb-b9e3-d8cb8af1e959;group1;eu;0.18235124656740587
2020-09-17 10:04:33;service-7edf3131-7e71-11eb-9cb2-d8cb8af1e959;group1;eu;0.296457405604845
2020-09-17 10:04:33;service-7edf3134-7e71-11eb-9d1a-d8cb8af1e959;group1;eu;0.2818576069724592
2020-09-17 10:04:33;service-7edf3130-7e71-11eb-88ac-d8cb8af1e959;group1;eu;0.3850985619894423
2020-09-17 10:04:33;service-7edf5819-7e71-11eb-800c-d8cb8af1e959;group1;eu;0.3600793361216263
2020-09-17 10:04:33;service-7edf3132-7e71-11eb-a32d-d8cb8af1e959;group1;eu;0.29943872743885525
2020-09-17 10:05:03;service-7edf312e-7e71-11eb-aac0-d8cb8af1e959;group1;eu;0.22986358738699367
2020-09-17 10:05:03;service-7edf312f-7e71-11eb-a3f8-d8cb8af1e959;group1;eu;0.20068880497005245
2020-09-17 10:05:03;service-7edf3133-7e71-11eb-9bac-d8cb8af1e959;group1;eu;0.3089420044786872
2020-09-17 10:05:03;service-7edf3135-7e71-11eb-baf5-d8cb8af1e959;group1;eu;0.23705885061761126
2020-09-17 10:05:03;service-7edf5818-7e71-11eb-b9e3-d8cb8af1e959;group1;eu;0.07829405966128242
2020-09-17 10:05:03;service-7edf3131-7e71-11eb-9cb2-d8cb8af1e959;group1;eu;0.16543121551411782
2020-09-17 10:05:03;service-7edf3134-7e71-11eb-9d1a-d8cb8af1e959;group1;eu;0.18243590145861588
2020-09-17 10:05:03;service-7edf3130-7e71-11eb-88ac-d8cb8af1e959;group1;eu;0.27486084462008165
2020-09-17 10:05:03;service-7edf5819-7e71-11eb-800c-d8cb8af1e959;group1;eu;0.28796993439835583
2020-09-17 10:05:03;service-7edf3132-7e71-11eb-a32d-d8cb8af1e959;group1;eu;0.2127956129862099
2020-09-17 10:05:33;service-7edf312e-7e71-11eb-aac0-d8cb8af1e959;group1;eu;0.13587577598157766
2020-09-17 10:05:33;service-7edf312f-7e71-11eb-a3f8-d8cb8af1e959;group1;eu;0.08558208898380187
2020-09-17 10:05:33;service-7edf3133-7e71-11eb-9bac-d8cb8af1e959;group1;eu;0.16547262295978746
2020-09-17 10:05:33;service-7edf3135-7e71-11eb-baf5-d8cb8af1e959;group1;eu;0.12685369310870956
2020-09-17 10:05:33;service-7edf5818-7e71-11eb-b9e3-d8cb8af1e959;group1;eu;0.029023768937551434
2020-09-17 10:05:33;service-7edf3131-7e71-11eb-9cb2-d8cb8af1e959;group1;eu;0.002327240540039187
2020-09-17 10:05:33;service-7edf3134-7e71-11eb-9d1a-d8cb8af1e959;group1;eu;0.06768431931072191
2020-09-17 10:05:33;service-7edf3130-7e71-11eb-88ac-d8cb8af1e959;group1;eu;0.15611487444452485
2020-09-17 10:05:33;service-7edf5819-7e71-11eb-800c-d8cb8af1e959;group1;eu;0.21199211747713792
2020-09-17 10:05:33;service-7edf3132-7e71-11eb-a32d-d8cb8af1e959;group1;eu;0.1401464426553305
